column,x,y,braced_bays,case,N_kN,Vx_kN,Vy_kN,Vcross_x,Vcross_y,V_total,base_util,base_gov,near_edges,base_type,keys,max_anchor_kN
K1,87.19,35.77,B1,ULS1,26.0,0.0,0.0,0.0,0.0,0.0,0.04,bearing,+y,E,A-pair,0.0
K1,87.19,35.77,B1,SLS,18.4,0.0,0.0,0.0,0.0,0.0,,,+y,E,A-pair,
K1,87.19,35.77,B1,ULS2N,29.5,0.0,-15.6,0.3,0.0,15.6,0.16,plate strip at key moment,+y,E,A-pair,0.0
K1,87.19,35.77,B1,ULS3N,-37.7,0.0,-15.6,0.3,0.0,15.6,0.28,"E rebar bond in the column head, embed 250 min (N_Rd 136)",+y,E,A-pair,9.4
K1,87.19,35.77,B1,SLSWN,-19.5,0.0,-10.4,0.2,0.0,10.4,,,+y,E,A-pair,
K1,87.19,35.77,B1,ULS2S,29.4,0.0,5.4,0.2,0.0,5.4,0.06,plate strip at key moment,+y,E,A-pair,0.0
K1,87.19,35.77,B1,ULS3S,-7.9,0.0,5.4,0.2,0.0,5.4,0.06,"E rebar bond in the column head, embed 250 min (N_Rd 136)",+y,E,A-pair,2.0
K1,87.19,35.77,B1,SLSWS,0.3,0.0,3.6,0.1,0.0,3.6,,,+y,E,A-pair,
K1,87.19,35.77,B1,ULS2E,47.5,0.0,12.5,0.0,0.0,12.5,0.14,E key pair outward (c1 >= 255),+y,E,A-pair,0.0
K1,87.19,35.77,B1,ULS3E,2.7,0.0,12.5,0.0,0.0,12.5,0.14,E key pair outward (c1 >= 255),+y,E,A-pair,0.0
K1,87.19,35.77,B1,SLSWE,7.3,0.0,8.3,0.0,0.0,8.3,,,+y,E,A-pair,
K1,87.19,35.77,B1,ULS2W,29.3,30.0,12.5,0.0,0.0,32.5,0.36,E key pair outward (c1 >= 255),+y,E,A-pair,0.0
K1,87.19,35.77,B1,ULS3W,-25.5,30.0,12.5,0.0,0.0,32.5,0.36,E key pair outward (c1 >= 255),+y,E,A-pair,6.4
K1,87.19,35.77,B1,SLSWW,-11.4,20.0,8.3,0.0,0.0,21.7,,,+y,E,A-pair,
K1,87.19,35.77,B1,ULS4+x,11.5,35.5,0.0,0.4,0.0,35.9,0.37,plate strip at key moment,+y,E,A-pair,0.0
K1,87.19,35.77,B1,ULS4+x (uplift side),-10.3,35.5,0.0,0.4,0.0,35.9,0.37,plate strip at key moment,+y,E,A-pair,2.6
K1,87.19,35.77,B1,ULS4-x,33.1,0.0,0.0,0.4,0.0,0.4,0.05,bearing,+y,E,A-pair,0.0
K1,87.19,35.77,B1,ULS4-x (uplift side),32.9,0.0,0.0,0.4,0.0,0.4,0.05,bearing,+y,E,A-pair,0.0
K1,87.19,35.77,B1,ULS4+y,12.1,10.7,0.0,1.3,0.0,11.9,0.12,plate strip at key moment,+y,E,A-pair,0.0
K1,87.19,35.77,B1,ULS4+y (uplift side),4.8,10.7,0.0,1.3,0.0,11.9,0.12,plate strip at key moment,+y,E,A-pair,0.0
K1,87.19,35.77,B1,ULS4-y,12.1,10.7,0.0,1.3,0.0,11.9,0.12,plate strip at key moment,+y,E,A-pair,0.0
K1,87.19,35.77,B1,ULS4-y (uplift side),4.8,10.7,0.0,1.3,0.0,11.9,0.12,plate strip at key moment,+y,E,A-pair,0.0
K1,87.19,35.77,B1,ULST+x,11.3,36.7,0.0,0.0,0.0,36.7,0.38,plate strip at key moment,+y,E,A-pair,0.0
K1,87.19,35.77,B1,ULST+x (uplift side),-11.1,36.7,0.0,0.0,0.0,36.7,0.38,plate strip at key moment,+y,E,A-pair,2.8
K1,87.19,35.77,B1,ULST-x,33.6,0.0,0.0,0.0,0.0,0.0,0.05,bearing,+y,E,A-pair,0.0
K1,87.19,35.77,B1,ULST-x (uplift side),11.3,0.0,0.0,0.0,0.0,0.0,0.02,bearing,+y,E,A-pair,0.0
K2,92.48,35.77,B1,ULS1,20.5,0.0,0.0,0.0,0.0,0.0,0.03,bearing,+y,E,A-pair,0.0
K2,92.48,35.77,B1,SLS,14.6,0.0,0.0,0.0,0.0,0.0,,,+y,E,A-pair,
K2,92.48,35.77,B1,ULS2N,23.3,0.0,-12.4,0.3,0.0,12.4,0.13,plate strip at key moment,+y,E,A-pair,0.0
K2,92.48,35.77,B1,ULS3N,-31.4,0.0,-12.4,0.3,0.0,12.4,0.23,"E rebar bond in the column head, embed 250 min (N_Rd 136)",+y,E,A-pair,7.8
K2,92.48,35.77,B1,SLSWN,-16.5,0.0,-8.3,0.2,0.0,8.3,,,+y,E,A-pair,
K2,92.48,35.77,B1,ULS2S,23.3,0.0,4.3,0.2,0.0,4.3,0.04,plate strip at key moment,+y,E,A-pair,0.0
K2,92.48,35.77,B1,ULS3S,-6.1,0.0,4.3,0.2,0.0,4.3,0.04,"E rebar bond in the column head, embed 250 min (N_Rd 136)",+y,E,A-pair,1.5
K2,92.48,35.77,B1,SLSWS,0.3,0.0,2.8,0.1,0.0,2.8,,,+y,E,A-pair,
K2,92.48,35.77,B1,ULS2E,23.1,-29.8,13.9,0.0,0.0,32.9,0.37,E key pair outward (c1 >= 255),+y,E,A-pair,0.0
K2,92.48,35.77,B1,ULS3E,-37.3,-29.8,13.9,0.0,0.0,32.9,0.37,E key pair outward (c1 >= 255),+y,E,A-pair,9.3
K2,92.48,35.77,B1,SLSWE,-20.4,-19.9,9.3,0.0,0.0,21.9,,,+y,E,A-pair,
K2,92.48,35.77,B1,ULS2W,41.4,0.0,9.9,0.0,0.0,9.9,0.11,E key pair outward (c1 >= 255),+y,E,A-pair,0.0
K2,92.48,35.77,B1,ULS3W,12.6,0.0,9.9,0.0,0.0,9.9,0.11,E key pair outward (c1 >= 255),+y,E,A-pair,0.0
K2,92.48,35.77,B1,SLSWW,12.8,0.0,6.6,0.0,0.0,6.6,,,+y,E,A-pair,
K2,92.48,35.77,B1,ULS4+x,30.8,0.0,0.0,0.4,0.0,0.4,0.05,bearing,+y,E,A-pair,0.0
K2,92.48,35.77,B1,ULS4+x (uplift side),30.6,0.0,0.0,0.4,0.0,0.4,0.05,bearing,+y,E,A-pair,0.0
K2,92.48,35.77,B1,ULS4-x,9.2,-35.5,0.0,0.4,0.0,35.9,0.37,plate strip at key moment,+y,E,A-pair,0.0
K2,92.48,35.77,B1,ULS4-x (uplift side),-12.6,-35.5,0.0,0.4,0.0,35.9,0.37,plate strip at key moment,+y,E,A-pair,3.2
K2,92.48,35.77,B1,ULS4+y,16.2,0.0,0.0,1.3,0.0,1.3,0.02,bearing,+y,E,A-pair,0.0
K2,92.48,35.77,B1,ULS4+y (uplift side),15.5,0.0,0.0,1.3,0.0,1.3,0.02,bearing,+y,E,A-pair,0.0
K2,92.48,35.77,B1,ULS4-y,16.2,0.0,0.0,1.3,0.0,1.3,0.02,bearing,+y,E,A-pair,0.0
K2,92.48,35.77,B1,ULS4-y (uplift side),15.5,0.0,0.0,1.3,0.0,1.3,0.02,bearing,+y,E,A-pair,0.0
K2,92.48,35.77,B1,ULST+x,31.3,0.0,0.0,0.0,0.0,0.0,0.05,bearing,+y,E,A-pair,0.0
K2,92.48,35.77,B1,ULST+x (uplift side),9.0,0.0,0.0,0.0,0.0,0.0,0.01,bearing,+y,E,A-pair,0.0
K2,92.48,35.77,B1,ULST-x,9.0,-36.7,0.0,0.0,0.0,36.7,0.38,plate strip at key moment,+y,E,A-pair,0.0
K2,92.48,35.77,B1,ULST-x (uplift side),-13.4,-36.7,0.0,0.0,0.0,36.7,0.38,plate strip at key moment,+y,E,A-pair,3.3
K3,81.89,35.67,-,ULS1,15.7,0.0,0.0,0.0,0.0,0.0,0.02,bearing,+y,E,A,0.0
K3,81.89,35.67,-,SLS,11.2,0.0,0.0,0.0,0.0,0.0,,,+y,E,A,
K3,81.89,35.67,-,ULS2N,17.4,-2.0,-13.9,0.0,0.0,14.1,0.17,Key A SHS bearing,+y,E,A,0.0
K3,81.89,35.67,-,ULS3N,-20.7,-2.0,-13.9,0.0,0.0,14.1,0.17,Key A SHS bearing,+y,E,A,5.2
K3,81.89,35.67,-,SLSWN,-10.4,-1.3,-9.3,0.0,0.0,9.4,,,+y,E,A,
K3,81.89,35.67,-,ULS2S,17.4,-1.2,4.8,0.0,0.0,4.9,0.13,Key B outward +y (c1 250),+y,E,A,0.0
K3,81.89,35.67,-,ULS3S,-2.3,-1.2,4.8,0.0,0.0,4.9,0.13,Key B outward +y (c1 250),+y,E,A,0.6
K3,81.89,35.67,-,SLSWS,1.9,-0.8,3.2,0.0,0.0,3.3,,,+y,E,A,
K3,81.89,35.67,-,ULS2E,17.4,-0.7,13.0,0.0,0.0,13.0,0.35,Key B outward +y (c1 250),+y,E,A,0.0
K3,81.89,35.67,-,ULS3E,-2.0,-0.7,13.0,0.0,0.0,13.0,0.35,Key B outward +y (c1 250),+y,E,A,0.5
K3,81.89,35.67,-,SLSWE,2.1,-0.5,8.7,0.0,0.0,8.7,,,+y,E,A,
K3,81.89,35.67,-,ULS2W,17.4,1.2,13.7,0.0,0.0,13.8,0.37,Key B outward +y (c1 250),+y,E,A,0.0
K3,81.89,35.67,-,ULS3W,-2.0,1.2,13.7,0.0,0.0,13.8,0.37,Key B outward +y (c1 250),+y,E,A,0.5
K3,81.89,35.67,-,SLSWW,2.1,0.8,9.2,0.0,0.0,9.2,,,+y,E,A,
K3,81.89,35.67,-,ULS4+x,7.5,0.0,0.0,0.0,0.0,0.0,0.01,bearing,+y,E,A,0.0
K3,81.89,35.67,-,ULS4+x (uplift side),7.5,0.0,0.0,0.0,0.0,0.0,0.01,bearing,+y,E,A,0.0
K3,81.89,35.67,-,ULS4-x,7.5,0.0,0.0,0.0,0.0,0.0,0.01,bearing,+y,E,A,0.0
K3,81.89,35.67,-,ULS4-x (uplift side),7.5,0.0,0.0,0.0,0.0,0.0,0.01,bearing,+y,E,A,0.0
K3,81.89,35.67,-,ULS4+y,7.5,0.0,0.0,0.0,0.0,0.0,0.01,bearing,+y,E,A,0.0
K3,81.89,35.67,-,ULS4+y (uplift side),7.5,0.0,0.0,0.0,0.0,0.0,0.01,bearing,+y,E,A,0.0
K3,81.89,35.67,-,ULS4-y,7.5,0.0,0.0,0.0,0.0,0.0,0.01,bearing,+y,E,A,0.0
K3,81.89,35.67,-,ULS4-y (uplift side),7.5,0.0,0.0,0.0,0.0,0.0,0.01,bearing,+y,E,A,0.0
K4,95.59,35.67,B6,ULS1,9.3,0.0,0.0,0.0,0.0,0.0,0.01,bearing,"+x,+y",E,A-pair,0.0
K4,95.59,35.67,B6,SLS,6.7,0.0,0.0,0.0,0.0,0.0,,,"+x,+y",E,A-pair,
K4,95.59,35.67,B6,ULS2N,10.4,13.4,-43.1,0.0,0.0,45.2,0.66,E key pair outward (c1 >= 255),"+x,+y",E,A-pair,0.0
K4,95.59,35.67,B6,ULS3N,-33.4,13.4,-43.1,0.0,0.0,45.2,0.66,E key pair outward (c1 >= 255),"+x,+y",E,A-pair,8.4
K4,95.59,35.67,B6,SLSWN,-20.3,8.9,-28.7,0.0,0.0,30.1,,,"+x,+y",E,A-pair,
K4,95.59,35.67,B6,ULS2S,29.2,5.8,1.7,0.0,0.0,6.0,0.14,E key pair outward (c1 >= 255),"+x,+y",E,A-pair,0.0
K4,95.59,35.67,B6,ULS3S,17.2,5.8,1.7,0.0,0.0,6.0,0.14,E key pair outward (c1 >= 255),"+x,+y",E,A-pair,0.0
K4,95.59,35.67,B6,SLSWS,13.5,3.8,1.1,0.0,0.0,4.0,,,"+x,+y",E,A-pair,
K4,95.59,35.67,B6,ULS2E,15.4,-8.5,5.5,0.0,0.0,10.1,0.14,E key pair bearing,"+x,+y",E,A-pair,0.0
K4,95.59,35.67,B6,ULS3E,-8.5,-8.5,5.5,0.0,0.0,10.1,0.14,E key pair bearing,"+x,+y",E,A-pair,2.1
K4,95.59,35.67,B6,SLSWE,-3.6,-5.6,3.7,0.0,0.0,6.7,,,"+x,+y",E,A-pair,
K4,95.59,35.67,B6,ULS2W,16.2,4.8,3.9,0.0,0.0,6.2,0.1,E key pair outward (c1 >= 255),"+x,+y",E,A-pair,0.0
K4,95.59,35.67,B6,ULS3W,4.4,4.8,3.9,0.0,0.0,6.2,0.1,E key pair outward (c1 >= 255),"+x,+y",E,A-pair,0.0
K4,95.59,35.67,B6,SLSWW,4.9,3.2,2.6,0.0,0.0,4.1,,,"+x,+y",E,A-pair,
K4,95.59,35.67,B6,ULS4+x,18.6,0.0,0.0,0.0,12.7,12.7,0.14,E key pair outward (c1 >= 255),"+x,+y",E,A-pair,0.0
K4,95.59,35.67,B6,ULS4+x (uplift side),11.8,0.0,0.0,0.0,12.7,12.7,0.14,E key pair outward (c1 >= 255),"+x,+y",E,A-pair,0.0
K4,95.59,35.67,B6,ULS4-x,18.6,0.0,0.0,0.0,12.7,12.7,0.14,E key pair outward (c1 >= 255),"+x,+y",E,A-pair,0.0
K4,95.59,35.67,B6,ULS4-x (uplift side),11.8,0.0,0.0,0.0,12.7,12.7,0.14,E key pair outward (c1 >= 255),"+x,+y",E,A-pair,0.0
K4,95.59,35.67,B6,ULS4+y,31.0,0.0,0.0,0.0,3.8,3.8,0.05,bearing,"+x,+y",E,A-pair,0.0
K4,95.59,35.67,B6,ULS4+y (uplift side),29.0,0.0,0.0,0.0,3.8,3.8,0.04,bearing,"+x,+y",E,A-pair,0.0
K4,95.59,35.67,B6,ULS4-y,6.4,0.0,-46.0,0.0,3.8,49.8,0.51,plate strip at key moment,"+x,+y",E,A-pair,0.0
K4,95.59,35.67,B6,ULS4-y (uplift side),-20.2,0.0,-46.0,0.0,3.8,49.8,0.51,plate strip at key moment,"+x,+y",E,A-pair,5.0
K5,72.09,35.27,B2,ULS1,22.8,0.0,0.0,0.0,0.0,0.0,0.03,bearing,+y,E,A-pair,0.0
K5,72.09,35.27,B2,SLS,16.2,0.0,0.0,0.0,0.0,0.0,,,+y,E,A-pair,
K5,72.09,35.27,B2,ULS2N,25.8,0.0,-14.6,0.2,0.0,14.6,0.15,plate strip at key moment,+y,E,A-pair,0.0
K5,72.09,35.27,B2,ULS3N,-33.5,0.0,-14.6,0.2,0.0,14.6,0.25,"E rebar bond in the column head, embed 250 min (N_Rd 136)",+y,E,A-pair,8.4
K5,72.09,35.27,B2,SLSWN,-17.4,0.0,-9.7,0.2,0.0,9.7,,,+y,E,A-pair,
K5,72.09,35.27,B2,ULS2S,25.7,0.0,5.0,0.2,0.0,5.0,0.05,plate strip at key moment,+y,E,A-pair,0.0
K5,72.09,35.27,B2,ULS3S,-3.6,0.0,5.0,0.2,0.0,5.0,0.05,plate strip at key moment,+y,E,A-pair,0.9
K5,72.09,35.27,B2,SLSWS,2.5,0.0,3.3,0.1,0.0,3.3,,,+y,E,A-pair,
K5,72.09,35.27,B2,ULS2E,43.7,0.0,11.7,0.0,0.0,11.7,0.13,E key pair outward (c1 >= 255),+y,E,A-pair,0.0
K5,72.09,35.27,B2,ULS3E,12.1,0.0,11.7,0.0,0.0,11.7,0.13,E key pair outward (c1 >= 255),+y,E,A-pair,0.0
K5,72.09,35.27,B2,SLSWE,13.0,0.0,7.8,0.0,0.0,7.8,,,+y,E,A-pair,
K5,72.09,35.27,B2,ULS2W,25.7,31.6,11.7,0.0,0.0,33.7,0.36,E key pair outward (c1 >= 255),+y,E,A-pair,0.0
K5,72.09,35.27,B2,ULS3W,-37.6,31.6,11.7,0.0,0.0,33.7,0.36,E key pair outward (c1 >= 255),+y,E,A-pair,9.4
K5,72.09,35.27,B2,SLSWW,-20.1,21.1,7.8,0.0,0.0,22.5,,,+y,E,A-pair,
K5,72.09,35.27,B2,ULS4+x,10.3,45.7,0.0,0.3,0.0,46.0,0.47,plate strip at key moment,+y,E,A-pair,0.0
K5,72.09,35.27,B2,ULS4+x (uplift side),-16.0,45.7,0.0,0.3,0.0,46.0,0.47,plate strip at key moment,+y,E,A-pair,4.0
K5,72.09,35.27,B2,ULS4-x,36.4,0.0,0.0,0.3,0.0,0.3,0.05,bearing,+y,E,A-pair,0.0
K5,72.09,35.27,B2,ULS4-x (uplift side),36.2,0.0,0.0,0.3,0.0,0.3,0.05,bearing,+y,E,A-pair,0.0
K5,72.09,35.27,B2,ULS4+y,10.7,13.7,0.0,1.0,0.0,14.7,0.15,plate strip at key moment,+y,E,A-pair,0.0
K5,72.09,35.27,B2,ULS4+y (uplift side),2.3,13.7,0.0,1.0,0.0,14.7,0.15,plate strip at key moment,+y,E,A-pair,0.0
K5,72.09,35.27,B2,ULS4-y,10.7,13.7,0.0,1.0,0.0,14.7,0.15,plate strip at key moment,+y,E,A-pair,0.0
K5,72.09,35.27,B2,ULS4-y (uplift side),2.3,13.7,0.0,1.0,0.0,14.7,0.15,plate strip at key moment,+y,E,A-pair,0.0
K5,72.09,35.27,B2,ULST+x,10.1,36.7,0.0,0.0,0.0,36.7,0.38,plate strip at key moment,+y,E,A-pair,0.0
K5,72.09,35.27,B2,ULST+x (uplift side),-10.8,36.7,0.0,0.0,0.0,36.7,0.38,plate strip at key moment,+y,E,A-pair,2.7
K5,72.09,35.27,B2,ULST-x,31.1,0.0,0.0,0.0,0.0,0.0,0.05,bearing,+y,E,A-pair,0.0
K5,72.09,35.27,B2,ULST-x (uplift side),10.1,0.0,0.0,0.0,0.0,0.0,0.02,bearing,+y,E,A-pair,0.0
K6,67.99,35.17,-,ULS1,11.3,0.0,0.0,0.0,0.0,0.0,0.02,bearing,"-x,+y",E,A,0.0
K6,67.99,35.17,-,SLS,8.0,0.0,0.0,0.0,0.0,0.0,,,"-x,+y",E,A,
K6,67.99,35.17,-,ULS2N,12.5,-12.4,-6.4,0.0,0.0,13.9,0.35,Key A parallel to edge -x (c1 55),"-x,+y",E,A,0.0
K6,67.99,35.17,-,ULS3N,-15.7,-12.4,-6.4,0.0,0.0,13.9,0.35,Key A parallel to edge -x (c1 55),"-x,+y",E,A,3.9
K6,67.99,35.17,-,SLSWN,-8.0,-8.2,-4.3,0.0,0.0,9.3,,,"-x,+y",E,A,
K6,67.99,35.17,-,ULS2S,12.5,-5.3,2.2,0.0,0.0,5.7,0.14,Key B outward -x (c1 250),"-x,+y",E,A,0.0
K6,67.99,35.17,-,ULS3S,-0.6,-5.3,2.2,0.0,0.0,5.7,0.14,Key B outward -x (c1 250),"-x,+y",E,A,0.1
K6,67.99,35.17,-,SLSWS,2.1,-3.5,1.5,0.0,0.0,3.8,,,"-x,+y",E,A,
K6,67.99,35.17,-,ULS2E,12.5,-4.4,5.1,0.0,0.0,6.8,0.14,Key B outward +y (c1 250),"-x,+y",E,A,0.0
K6,67.99,35.17,-,ULS3E,-1.6,-4.4,5.1,0.0,0.0,6.8,0.14,Key B outward +y (c1 250),"-x,+y",E,A,0.4
K6,67.99,35.17,-,SLSWE,1.4,-3.0,3.4,0.0,0.0,4.5,,,"-x,+y",E,A,
K6,67.99,35.17,-,ULS2W,12.5,7.8,7.2,0.0,0.0,10.6,0.19,Key B outward +y (c1 250),"-x,+y",E,A,0.0
K6,67.99,35.17,-,ULS3W,-14.4,7.8,7.2,0.0,0.0,10.6,0.19,Key B outward +y (c1 250),"-x,+y",E,A,3.6
K6,67.99,35.17,-,SLSWW,-7.1,5.2,4.8,0.0,0.0,7.1,,,"-x,+y",E,A,
K6,67.99,35.17,-,ULS4+x,5.4,0.0,0.0,0.0,0.0,0.0,0.01,bearing,"-x,+y",E,A,0.0
K6,67.99,35.17,-,ULS4+x (uplift side),5.4,0.0,0.0,0.0,0.0,0.0,0.01,bearing,"-x,+y",E,A,0.0
K6,67.99,35.17,-,ULS4-x,5.4,0.0,0.0,0.0,0.0,0.0,0.01,bearing,"-x,+y",E,A,0.0
K6,67.99,35.17,-,ULS4-x (uplift side),5.4,0.0,0.0,0.0,0.0,0.0,0.01,bearing,"-x,+y",E,A,0.0
K6,67.99,35.17,-,ULS4+y,5.4,0.0,0.0,0.0,0.0,0.0,0.01,bearing,"-x,+y",E,A,0.0
K6,67.99,35.17,-,ULS4+y (uplift side),5.4,0.0,0.0,0.0,0.0,0.0,0.01,bearing,"-x,+y",E,A,0.0
K6,67.99,35.17,-,ULS4-y,5.4,0.0,0.0,0.0,0.0,0.0,0.01,bearing,"-x,+y",E,A,0.0
K6,67.99,35.17,-,ULS4-y (uplift side),5.4,0.0,0.0,0.0,0.0,0.0,0.01,bearing,"-x,+y",E,A,0.0
K7,77.79,35.17,B2,ULS1,15.8,0.0,0.0,0.0,0.0,0.0,0.02,bearing,"+x,+y",E,A-pair,0.0
K7,77.79,35.17,B2,SLS,11.3,0.0,0.0,0.0,0.0,0.0,,,"+x,+y",E,A-pair,
K7,77.79,35.17,B2,ULS2N,17.7,0.0,-14.6,0.2,0.0,14.7,0.15,plate strip at key moment,"+x,+y",E,A-pair,0.0
K7,77.79,35.17,B2,ULS3N,-17.4,0.0,-14.6,0.2,0.0,14.7,0.15,plate strip at key moment,"+x,+y",E,A-pair,4.3
K7,77.79,35.17,B2,SLSWN,-8.1,0.0,-9.8,0.2,0.0,9.8,,,"+x,+y",E,A-pair,
K7,77.79,35.17,B2,ULS2S,17.6,0.0,5.0,0.2,0.0,5.0,0.05,plate strip at key moment,"+x,+y",E,A-pair,0.0
K7,77.79,35.17,B2,ULS3S,-0.7,0.0,5.0,0.2,0.0,5.0,0.05,plate strip at key moment,"+x,+y",E,A-pair,0.2
K7,77.79,35.17,B2,SLSWS,3.0,0.0,3.3,0.1,0.0,3.3,,,"+x,+y",E,A-pair,
K7,77.79,35.17,B2,ULS2E,17.6,-31.5,11.7,0.0,0.0,33.6,0.49,E key pair bearing,"+x,+y",E,A-pair,0.0
K7,77.79,35.17,B2,ULS3E,-20.1,-31.5,11.7,0.0,0.0,33.6,0.49,E key pair bearing,"+x,+y",E,A-pair,5.0
K7,77.79,35.17,B2,SLSWE,-9.9,-21.0,7.8,0.0,0.0,22.4,,,"+x,+y",E,A-pair,
K7,77.79,35.17,B2,ULS2W,35.6,0.0,11.7,0.0,0.0,11.7,0.13,E key pair outward (c1 >= 255),"+x,+y",E,A-pair,0.0
K7,77.79,35.17,B2,ULS3W,10.9,0.0,11.7,0.0,0.0,11.7,0.13,E key pair outward (c1 >= 255),"+x,+y",E,A-pair,0.0
K7,77.79,35.17,B2,SLSWW,10.8,0.0,7.8,0.0,0.0,7.8,,,"+x,+y",E,A-pair,
K7,77.79,35.17,B2,ULS4+x,33.9,0.0,0.0,0.3,0.0,0.3,0.05,bearing,"+x,+y",E,A-pair,0.0
K7,77.79,35.17,B2,ULS4+x (uplift side),33.7,0.0,0.0,0.3,0.0,0.3,0.05,bearing,"+x,+y",E,A-pair,0.0
K7,77.79,35.17,B2,ULS4-x,7.8,-45.7,0.0,0.3,0.0,46.0,0.64,E key pair bearing,"+x,+y",E,A-pair,0.0
K7,77.79,35.17,B2,ULS4-x (uplift side),-18.5,-45.7,0.0,0.3,0.0,46.0,0.64,E key pair bearing,"+x,+y",E,A-pair,4.6
K7,77.79,35.17,B2,ULS4+y,16.0,0.0,0.0,1.0,0.0,1.0,0.02,bearing,"+x,+y",E,A-pair,0.0
K7,77.79,35.17,B2,ULS4+y (uplift side),15.4,0.0,0.0,1.0,0.0,1.0,0.02,bearing,"+x,+y",E,A-pair,0.0
K7,77.79,35.17,B2,ULS4-y,16.0,0.0,0.0,1.0,0.0,1.0,0.02,bearing,"+x,+y",E,A-pair,0.0
K7,77.79,35.17,B2,ULS4-y (uplift side),15.4,0.0,0.0,1.0,0.0,1.0,0.02,bearing,"+x,+y",E,A-pair,0.0
K7,77.79,35.17,B2,ULST+x,28.6,0.0,0.0,0.0,0.0,0.0,0.04,bearing,"+x,+y",E,A-pair,0.0
K7,77.79,35.17,B2,ULST+x (uplift side),7.6,0.0,0.0,0.0,0.0,0.0,0.01,bearing,"+x,+y",E,A-pair,0.0
K7,77.79,35.17,B2,ULST-x,7.6,-36.7,0.0,0.0,0.0,36.7,0.51,E key pair bearing,"+x,+y",E,A-pair,0.0
K7,77.79,35.17,B2,ULST-x (uplift side),-13.4,-36.7,0.0,0.0,0.0,36.7,0.51,E key pair bearing,"+x,+y",E,A-pair,3.3
K8,67.99,29.37,-,ULS1,16.8,0.0,0.0,0.0,0.0,0.0,0.03,bearing,-x,E,A,0.0
K8,67.99,29.37,-,SLS,11.9,0.0,0.0,0.0,0.0,0.0,,,-x,E,A,
K8,67.99,29.37,-,ULS2N,19.3,-14.0,0.0,0.0,0.0,14.0,0.37,Key B outward -x (c1 250),-x,E,A,0.0
K8,67.99,29.37,-,ULS3N,-13.6,-14.0,0.0,0.0,0.0,14.0,0.37,Key B outward -x (c1 250),-x,E,A,3.4
K8,67.99,29.37,-,SLSWN,-5.9,-9.3,0.0,0.0,0.0,9.3,,,-x,E,A,
K8,67.99,29.37,-,ULS2S,19.3,-8.4,0.0,0.0,0.0,8.4,0.22,Key B outward -x (c1 250),-x,E,A,0.0
K8,67.99,29.37,-,ULS3S,-4.1,-8.4,0.0,0.0,0.0,8.4,0.22,Key B outward -x (c1 250),-x,E,A,1.0
K8,67.99,29.37,-,SLSWS,0.5,-5.6,0.0,0.0,0.0,5.6,,,-x,E,A,
K8,67.99,29.37,-,ULS2E,19.3,-7.0,0.0,0.0,0.0,7.0,0.19,Key B outward -x (c1 250),-x,E,A,0.0
K8,67.99,29.37,-,ULS3E,-1.8,-7.0,0.0,0.0,0.0,7.0,0.19,Key B outward -x (c1 250),-x,E,A,0.4
K8,67.99,29.37,-,SLSWE,2.0,-4.7,0.0,0.0,0.0,4.7,,,-x,E,A,
K8,67.99,29.37,-,ULS2W,19.3,12.3,0.0,0.0,0.0,12.3,0.15,Key A SHS bearing,-x,E,A,0.0
K8,67.99,29.37,-,ULS3W,-19.1,12.3,0.0,0.0,0.0,12.3,0.15,Key A SHS bearing,-x,E,A,4.8
K8,67.99,29.37,-,SLSWW,-9.5,8.2,0.0,0.0,0.0,8.2,,,-x,E,A,
K8,67.99,29.37,-,ULS4+x,7.2,0.0,0.0,0.0,0.0,0.0,0.01,bearing,-x,E,A,0.0
K8,67.99,29.37,-,ULS4+x (uplift side),7.2,0.0,0.0,0.0,0.0,0.0,0.01,bearing,-x,E,A,0.0
K8,67.99,29.37,-,ULS4-x,7.2,0.0,0.0,0.0,0.0,0.0,0.01,bearing,-x,E,A,0.0
K8,67.99,29.37,-,ULS4-x (uplift side),7.2,0.0,0.0,0.0,0.0,0.0,0.01,bearing,-x,E,A,0.0
K8,67.99,29.37,-,ULS4+y,7.2,0.0,0.0,0.0,0.0,0.0,0.01,bearing,-x,E,A,0.0
K8,67.99,29.37,-,ULS4+y (uplift side),7.2,0.0,0.0,0.0,0.0,0.0,0.01,bearing,-x,E,A,0.0
K8,67.99,29.37,-,ULS4-y,7.2,0.0,0.0,0.0,0.0,0.0,0.01,bearing,-x,E,A,0.0
K8,67.99,29.37,-,ULS4-y (uplift side),7.2,0.0,0.0,0.0,0.0,0.0,0.01,bearing,-x,E,A,0.0
K9,72.09,29.27,-,ULS1,41.3,0.0,0.0,0.0,0.0,0.0,0.06,bearing,-,E,A,0.0
K9,72.09,29.27,-,SLS,29.1,0.0,0.0,0.0,0.0,0.0,,,-,E,A,
K9,72.09,29.27,-,ULS2N,48.5,0.0,0.0,0.0,0.0,0.0,0.07,bearing,-,E,A,0.0
K9,72.09,29.27,-,ULS3N,-38.4,0.0,0.0,0.0,0.0,0.0,0.28,"E rebar bond in the column head, embed 250 min (N_Rd 136)",-,E,A,9.6
K9,72.09,29.27,-,SLSWN,-18.1,0.0,0.0,0.0,0.0,0.0,,,-,E,A,
K9,72.09,29.27,-,ULS2S,48.5,0.0,0.0,0.0,0.0,0.0,0.07,bearing,-,E,A,0.0
K9,72.09,29.27,-,ULS3S,-17.0,0.0,0.0,0.0,0.0,0.0,0.13,"E rebar bond in the column head, embed 250 min (N_Rd 136)",-,E,A,4.3
K9,72.09,29.27,-,SLSWS,-3.8,0.0,0.0,0.0,0.0,0.0,,,-,E,A,
K9,72.09,29.27,-,ULS2E,48.5,0.0,0.0,0.0,0.0,0.0,0.07,bearing,-,E,A,0.0
K9,72.09,29.27,-,ULS3E,-10.1,0.0,0.0,0.0,0.0,0.0,0.07,"E rebar bond in the column head, embed 250 min (N_Rd 136)",-,E,A,2.5
K9,72.09,29.27,-,SLSWE,0.8,0.0,0.0,0.0,0.0,0.0,,,-,E,A,
K9,72.09,29.27,-,ULS2W,48.5,0.0,0.0,0.0,0.0,0.0,0.07,bearing,-,E,A,0.0
K9,72.09,29.27,-,ULS3W,-36.6,0.0,0.0,0.0,0.0,0.0,0.27,"E rebar bond in the column head, embed 250 min (N_Rd 136)",-,E,A,9.2
K9,72.09,29.27,-,SLSWW,-16.9,0.0,0.0,0.0,0.0,0.0,,,-,E,A,
K9,72.09,29.27,-,ULS4+x,15.9,0.0,0.0,0.0,0.0,0.0,0.02,bearing,-,E,A,0.0
K9,72.09,29.27,-,ULS4+x (uplift side),15.9,0.0,0.0,0.0,0.0,0.0,0.02,bearing,-,E,A,0.0
K9,72.09,29.27,-,ULS4-x,15.9,0.0,0.0,0.0,0.0,0.0,0.02,bearing,-,E,A,0.0
K9,72.09,29.27,-,ULS4-x (uplift side),15.9,0.0,0.0,0.0,0.0,0.0,0.02,bearing,-,E,A,0.0
K9,72.09,29.27,-,ULS4+y,15.9,0.0,0.0,0.0,0.0,0.0,0.02,bearing,-,E,A,0.0
K9,72.09,29.27,-,ULS4+y (uplift side),15.9,0.0,0.0,0.0,0.0,0.0,0.02,bearing,-,E,A,0.0
K9,72.09,29.27,-,ULS4-y,15.9,0.0,0.0,0.0,0.0,0.0,0.02,bearing,-,E,A,0.0
K9,72.09,29.27,-,ULS4-y (uplift side),15.9,0.0,0.0,0.0,0.0,0.0,0.02,bearing,-,E,A,0.0
K10,77.89,29.27,-,ULS1,31.9,0.0,0.0,0.0,0.0,0.0,0.05,bearing,+y,E,A-pair,0.0
K10,77.89,29.27,-,SLS,22.6,0.0,0.0,0.0,0.0,0.0,,,+y,E,A-pair,
K10,77.89,29.27,-,ULS2N,36.6,0.0,0.0,0.0,0.0,0.0,0.06,bearing,+y,E,A-pair,0.0
K10,77.89,29.27,-,ULS3N,-26.4,0.0,0.0,0.0,0.0,0.0,0.19,"E rebar bond in the column head, embed 250 min (N_Rd 136)",+y,E,A-pair,6.6
K10,77.89,29.27,-,SLSWN,-11.3,0.0,0.0,0.0,0.0,0.0,,,+y,E,A-pair,
K10,77.89,29.27,-,ULS2S,36.6,0.0,0.0,0.0,0.0,0.0,0.06,bearing,+y,E,A-pair,0.0
K10,77.89,29.27,-,ULS3S,-11.6,0.0,0.0,0.0,0.0,0.0,0.09,"E rebar bond in the column head, embed 250 min (N_Rd 136)",+y,E,A-pair,2.9
K10,77.89,29.27,-,SLSWS,-1.5,0.0,0.0,0.0,0.0,0.0,,,+y,E,A-pair,
K10,77.89,29.27,-,ULS2E,36.6,0.0,0.0,0.0,0.0,0.0,0.06,bearing,+y,E,A-pair,0.0
K10,77.89,29.27,-,ULS3E,-5.5,0.0,0.0,0.0,0.0,0.0,0.04,"E rebar bond in the column head, embed 250 min (N_Rd 136)",+y,E,A-pair,1.4
K10,77.89,29.27,-,SLSWE,2.6,0.0,0.0,0.0,0.0,0.0,,,+y,E,A-pair,
K10,77.89,29.27,-,ULS2W,36.6,0.0,0.0,0.0,0.0,0.0,0.06,bearing,+y,E,A-pair,0.0
K10,77.89,29.27,-,ULS3W,-14.8,0.0,0.0,0.0,0.0,0.0,0.11,"E rebar bond in the column head, embed 250 min (N_Rd 136)",+y,E,A-pair,3.7
K10,77.89,29.27,-,SLSWW,-3.6,0.0,0.0,0.0,0.0,0.0,,,+y,E,A-pair,
K10,77.89,29.27,-,ULS4+x,13.6,0.0,0.0,0.0,0.0,0.0,0.02,bearing,+y,E,A-pair,0.0
K10,77.89,29.27,-,ULS4+x (uplift side),13.6,0.0,0.0,0.0,0.0,0.0,0.02,bearing,+y,E,A-pair,0.0
K10,77.89,29.27,-,ULS4-x,13.6,0.0,0.0,0.0,0.0,0.0,0.02,bearing,+y,E,A-pair,0.0
K10,77.89,29.27,-,ULS4-x (uplift side),13.6,0.0,0.0,0.0,0.0,0.0,0.02,bearing,+y,E,A-pair,0.0
K10,77.89,29.27,-,ULS4+y,13.6,0.0,0.0,0.0,0.0,0.0,0.02,bearing,+y,E,A-pair,0.0
K10,77.89,29.27,-,ULS4+y (uplift side),13.6,0.0,0.0,0.0,0.0,0.0,0.02,bearing,+y,E,A-pair,0.0
K10,77.89,29.27,-,ULS4-y,13.6,0.0,0.0,0.0,0.0,0.0,0.02,bearing,+y,E,A-pair,0.0
K10,77.89,29.27,-,ULS4-y (uplift side),13.6,0.0,0.0,0.0,0.0,0.0,0.02,bearing,+y,E,A-pair,0.0
K11,81.78,29.27,-,ULS1,29.3,0.0,0.0,0.0,0.0,0.0,0.04,bearing,+y,E,A,0.0
K11,81.78,29.27,-,SLS,20.8,0.0,0.0,0.0,0.0,0.0,,,+y,E,A,
K11,81.78,29.27,-,ULS2N,33.5,0.0,0.0,0.0,0.0,0.0,0.05,bearing,+y,E,A,0.0
K11,81.78,29.27,-,ULS3N,-23.9,0.0,0.0,0.0,0.0,0.0,0.18,"E rebar bond in the column head, embed 250 min (N_Rd 136)",+y,E,A,6.0
K11,81.78,29.27,-,SLSWN,-10.2,0.0,0.0,0.0,0.0,0.0,,,+y,E,A,
K11,81.78,29.27,-,ULS2S,33.5,0.0,0.0,0.0,0.0,0.0,0.05,bearing,+y,E,A,0.0
K11,81.78,29.27,-,ULS3S,-12.0,0.0,0.0,0.0,0.0,0.0,0.09,"E rebar bond in the column head, embed 250 min (N_Rd 136)",+y,E,A,3.0
K11,81.78,29.27,-,SLSWS,-2.2,0.0,0.0,0.0,0.0,0.0,,,+y,E,A,
K11,81.78,29.27,-,ULS2E,33.5,0.0,0.0,0.0,0.0,0.0,0.05,bearing,+y,E,A,0.0
K11,81.78,29.27,-,ULS3E,-3.7,0.0,0.0,0.0,0.0,0.0,0.03,"E rebar bond in the column head, embed 250 min (N_Rd 136)",+y,E,A,0.9
K11,81.78,29.27,-,SLSWE,3.3,0.0,0.0,0.0,0.0,0.0,,,+y,E,A,
K11,81.78,29.27,-,ULS2W,33.5,0.0,0.0,0.0,0.0,0.0,0.05,bearing,+y,E,A,0.0
K11,81.78,29.27,-,ULS3W,-3.6,0.0,0.0,0.0,0.0,0.0,0.03,"E rebar bond in the column head, embed 250 min (N_Rd 136)",+y,E,A,0.9
K11,81.78,29.27,-,SLSWW,3.3,0.0,0.0,0.0,0.0,0.0,,,+y,E,A,
K11,81.78,29.27,-,ULS4+x,12.7,0.0,0.0,0.0,0.0,0.0,0.02,bearing,+y,E,A,0.0
K11,81.78,29.27,-,ULS4+x (uplift side),12.7,0.0,0.0,0.0,0.0,0.0,0.02,bearing,+y,E,A,0.0
K11,81.78,29.27,-,ULS4-x,12.7,0.0,0.0,0.0,0.0,0.0,0.02,bearing,+y,E,A,0.0
K11,81.78,29.27,-,ULS4-x (uplift side),12.7,0.0,0.0,0.0,0.0,0.0,0.02,bearing,+y,E,A,0.0
K11,81.78,29.27,-,ULS4+y,12.7,0.0,0.0,0.0,0.0,0.0,0.02,bearing,+y,E,A,0.0
K11,81.78,29.27,-,ULS4+y (uplift side),12.7,0.0,0.0,0.0,0.0,0.0,0.02,bearing,+y,E,A,0.0
K11,81.78,29.27,-,ULS4-y,12.7,0.0,0.0,0.0,0.0,0.0,0.02,bearing,+y,E,A,0.0
K11,81.78,29.27,-,ULS4-y (uplift side),12.7,0.0,0.0,0.0,0.0,0.0,0.02,bearing,+y,E,A,0.0
K12,87.19,29.27,-,ULS1,37.6,0.0,0.0,0.0,0.0,0.0,0.06,bearing,-,E,A,0.0
K12,87.19,29.27,-,SLS,26.5,0.0,0.0,0.0,0.0,0.0,,,-,E,A,
K12,87.19,29.27,-,ULS2N,43.7,0.0,0.0,0.0,0.0,0.0,0.07,bearing,-,E,A,0.0
K12,87.19,29.27,-,ULS3N,-37.7,0.0,0.0,0.0,0.0,0.0,0.28,"E rebar bond in the column head, embed 250 min (N_Rd 136)",-,E,A,9.4
K12,87.19,29.27,-,SLSWN,-18.3,0.0,0.0,0.0,0.0,0.0,,,-,E,A,
K12,87.19,29.27,-,ULS2S,43.7,0.0,0.0,0.0,0.0,0.0,0.07,bearing,-,E,A,0.0
K12,87.19,29.27,-,ULS3S,-18.5,0.0,0.0,0.0,0.0,0.0,0.14,"E rebar bond in the column head, embed 250 min (N_Rd 136)",-,E,A,4.6
K12,87.19,29.27,-,SLSWS,-5.5,0.0,0.0,0.0,0.0,0.0,,,-,E,A,
K12,87.19,29.27,-,ULS2E,43.7,0.0,0.0,0.0,0.0,0.0,0.07,bearing,-,E,A,0.0
K12,87.19,29.27,-,ULS3E,-21.3,0.0,0.0,0.0,0.0,0.0,0.16,"E rebar bond in the column head, embed 250 min (N_Rd 136)",-,E,A,5.3
K12,87.19,29.27,-,SLSWE,-7.4,0.0,0.0,0.0,0.0,0.0,,,-,E,A,
K12,87.19,29.27,-,ULS2W,43.7,0.0,0.0,0.0,0.0,0.0,0.07,bearing,-,E,A,0.0
K12,87.19,29.27,-,ULS3W,-7.4,0.0,0.0,0.0,0.0,0.0,0.05,"E rebar bond in the column head, embed 250 min (N_Rd 136)",-,E,A,1.9
K12,87.19,29.27,-,SLSWW,1.9,0.0,0.0,0.0,0.0,0.0,,,-,E,A,
K12,87.19,29.27,-,ULS4+x,14.5,0.0,0.0,0.0,0.0,0.0,0.02,bearing,-,E,A,0.0
K12,87.19,29.27,-,ULS4+x (uplift side),14.5,0.0,0.0,0.0,0.0,0.0,0.02,bearing,-,E,A,0.0
K12,87.19,29.27,-,ULS4-x,14.5,0.0,0.0,0.0,0.0,0.0,0.02,bearing,-,E,A,0.0
K12,87.19,29.27,-,ULS4-x (uplift side),14.5,0.0,0.0,0.0,0.0,0.0,0.02,bearing,-,E,A,0.0
K12,87.19,29.27,-,ULS4+y,14.5,0.0,0.0,0.0,0.0,0.0,0.02,bearing,-,E,A,0.0
K12,87.19,29.27,-,ULS4+y (uplift side),14.5,0.0,0.0,0.0,0.0,0.0,0.02,bearing,-,E,A,0.0
K12,87.19,29.27,-,ULS4-y,14.5,0.0,0.0,0.0,0.0,0.0,0.02,bearing,-,E,A,0.0
K12,87.19,29.27,-,ULS4-y (uplift side),14.5,0.0,0.0,0.0,0.0,0.0,0.02,bearing,-,E,A,0.0
K13,92.48,29.27,-,ULS1,29.7,0.0,0.0,0.0,0.0,0.0,0.04,bearing,-,E,A,0.0
K13,92.48,29.27,-,SLS,21.0,0.0,0.0,0.0,0.0,0.0,,,-,E,A,
K13,92.48,29.27,-,ULS2N,34.5,0.0,0.0,0.0,0.0,0.0,0.05,bearing,-,E,A,0.0
K13,92.48,29.27,-,ULS3N,-30.0,0.0,0.0,0.0,0.0,0.0,0.22,"E rebar bond in the column head, embed 250 min (N_Rd 136)",-,E,A,7.5
K13,92.48,29.27,-,SLSWN,-14.6,0.0,0.0,0.0,0.0,0.0,,,-,E,A,
K13,92.48,29.27,-,ULS2S,34.5,0.0,0.0,0.0,0.0,0.0,0.05,bearing,-,E,A,0.0
K13,92.48,29.27,-,ULS3S,-15.0,0.0,0.0,0.0,0.0,0.0,0.11,"E rebar bond in the column head, embed 250 min (N_Rd 136)",-,E,A,3.7
K13,92.48,29.27,-,SLSWS,-4.6,0.0,0.0,0.0,0.0,0.0,,,-,E,A,
K13,92.48,29.27,-,ULS2E,34.5,0.0,0.0,0.0,0.0,0.0,0.05,bearing,-,E,A,0.0
K13,92.48,29.27,-,ULS3E,-27.8,0.0,0.0,0.0,0.0,0.0,0.21,"E rebar bond in the column head, embed 250 min (N_Rd 136)",-,E,A,7.0
K13,92.48,29.27,-,SLSWE,-13.1,0.0,0.0,0.0,0.0,0.0,,,-,E,A,
K13,92.48,29.27,-,ULS2W,34.5,0.0,0.0,0.0,0.0,0.0,0.05,bearing,-,E,A,0.0
K13,92.48,29.27,-,ULS3W,-5.7,0.0,0.0,0.0,0.0,0.0,0.04,"E rebar bond in the column head, embed 250 min (N_Rd 136)",-,E,A,1.4
K13,92.48,29.27,-,SLSWW,1.6,0.0,0.0,0.0,0.0,0.0,,,-,E,A,
K13,92.48,29.27,-,ULS4+x,11.5,0.0,0.0,0.0,0.0,0.0,0.02,bearing,-,E,A,0.0
K13,92.48,29.27,-,ULS4+x (uplift side),11.5,0.0,0.0,0.0,0.0,0.0,0.02,bearing,-,E,A,0.0
K13,92.48,29.27,-,ULS4-x,11.5,0.0,0.0,0.0,0.0,0.0,0.02,bearing,-,E,A,0.0
K13,92.48,29.27,-,ULS4-x (uplift side),11.5,0.0,0.0,0.0,0.0,0.0,0.02,bearing,-,E,A,0.0
K13,92.48,29.27,-,ULS4+y,11.5,0.0,0.0,0.0,0.0,0.0,0.02,bearing,-,E,A,0.0
K13,92.48,29.27,-,ULS4+y (uplift side),11.5,0.0,0.0,0.0,0.0,0.0,0.02,bearing,-,E,A,0.0
K13,92.48,29.27,-,ULS4-y,11.5,0.0,0.0,0.0,0.0,0.0,0.02,bearing,-,E,A,0.0
K13,92.48,29.27,-,ULS4-y (uplift side),11.5,0.0,0.0,0.0,0.0,0.0,0.02,bearing,-,E,A,0.0
K14,95.48,29.27,B6,ULS1,13.3,0.0,0.0,0.0,0.0,0.0,0.02,bearing,+x,E,A,0.0
K14,95.48,29.27,B6,SLS,9.4,0.0,0.0,0.0,0.0,0.0,,,+x,E,A,
K14,95.48,29.27,B6,ULS2N,35.6,17.8,0.0,0.0,0.0,17.8,0.48,Key B outward +x (c1 250),+x,E,A,0.0
K14,95.48,29.27,B6,ULS3N,9.5,17.8,0.0,0.0,0.0,17.8,0.48,Key B outward +x (c1 250),+x,E,A,0.0
K14,95.48,29.27,B6,SLSWN,8.9,11.9,0.0,0.0,0.0,11.9,,,+x,E,A,
K14,95.48,29.27,B6,ULS2S,15.2,10.7,35.2,0.0,0.0,36.8,0.58,Key A parallel to edge +x (c1 165),+x,E,A,0.0
K14,95.48,29.27,B6,ULS3S,-23.8,10.7,35.2,0.0,0.0,36.8,0.58,Key A parallel to edge +x (c1 165),+x,E,A,5.9
K14,95.48,29.27,B6,SLSWS,-13.3,7.1,23.5,0.0,0.0,24.5,,,+x,E,A,
K14,95.48,29.27,B6,ULS2E,15.2,-15.7,9.3,0.0,0.0,18.3,0.26,plate strip at key moment,+x,E,A,0.0
K14,95.48,29.27,B6,ULS3E,-23.9,-15.7,9.3,0.0,0.0,18.3,0.26,plate strip at key moment,+x,E,A,6.0
K14,95.48,29.27,B6,SLSWE,-13.4,-10.5,6.2,0.0,0.0,12.2,,,+x,E,A,
K14,95.48,29.27,B6,ULS2W,15.2,9.0,10.8,0.0,0.0,14.1,0.24,Key B outward +x (c1 250),+x,E,A,0.0
K14,95.48,29.27,B6,ULS3W,-7.0,9.0,10.8,0.0,0.0,14.1,0.24,Key B outward +x (c1 250),+x,E,A,1.7
K14,95.48,29.27,B6,SLSWW,-2.1,6.0,7.2,0.0,0.0,9.4,,,+x,E,A,
K14,95.48,29.27,B6,ULS4+x,12.5,0.0,13.8,0.0,12.7,26.5,0.44,Key A parallel to edge +x (c1 165),+x,E,A,0.0
K14,95.48,29.27,B6,ULS4+x (uplift side),-1.7,0.0,13.8,0.0,12.7,26.5,0.44,Key A parallel to edge +x (c1 165),+x,E,A,0.4
K14,95.48,29.27,B6,ULS4-x,12.5,0.0,13.8,0.0,12.7,26.5,0.44,Key A parallel to edge +x (c1 165),+x,E,A,0.0
K14,95.48,29.27,B6,ULS4-x (uplift side),-1.7,0.0,13.8,0.0,12.7,26.5,0.44,Key A parallel to edge +x (c1 165),+x,E,A,0.4
K14,95.48,29.27,B6,ULS4+y,7.7,0.0,46.0,0.0,3.8,49.8,0.82,Key A parallel to edge +x (c1 165),+x,E,A,0.0
K14,95.48,29.27,B6,ULS4+y (uplift side),-18.9,0.0,46.0,0.0,3.8,49.8,0.82,Key A parallel to edge +x (c1 165),+x,E,A,4.7
K14,95.48,29.27,B6,ULS4-y,32.3,0.0,0.0,0.0,3.8,3.8,0.06,Key A parallel to edge +x (c1 165),+x,E,A,0.0
K14,95.48,29.27,B6,ULS4-y (uplift side),30.2,0.0,0.0,0.0,3.8,3.8,0.06,Key A parallel to edge +x (c1 165),+x,E,A,0.0
K15,67.99,26.37,B5,ULS1,6.8,0.0,0.0,0.0,0.0,0.0,0.01,bearing,-x,E,A-pair,0.0
K15,67.99,26.37,B5,SLS,4.9,0.0,0.0,0.0,0.0,0.0,,,-x,E,A-pair,
K15,67.99,26.37,B5,ULS2N,8.0,-12.7,-32.2,0.0,0.0,34.6,0.38,E key pair outward (c1 >= 255),-x,E,A-pair,0.0
K15,67.99,26.37,B5,ULS3N,-29.4,-12.7,-32.2,0.0,0.0,34.6,0.38,E key pair outward (c1 >= 255),-x,E,A-pair,7.4
K15,67.99,26.37,B5,SLSWN,-18.3,-8.5,-21.4,0.0,0.0,23.1,,,-x,E,A-pair,
K15,67.99,26.37,B5,ULS2S,33.7,-7.6,0.0,0.0,0.0,7.6,0.08,E key pair outward (c1 >= 255),-x,E,A-pair,0.0
K15,67.99,26.37,B5,ULS3S,23.7,-7.6,0.0,0.0,0.0,7.6,0.08,E key pair outward (c1 >= 255),-x,E,A-pair,0.0
K15,67.99,26.37,B5,SLSWS,17.1,-5.1,0.0,0.0,0.0,5.1,,,-x,E,A-pair,
K15,67.99,26.37,B5,ULS2E,16.7,-6.4,0.0,0.0,0.0,6.4,0.07,E key pair outward (c1 >= 255),-x,E,A-pair,0.0
K15,67.99,26.37,B5,ULS3E,8.5,-6.4,0.0,0.0,0.0,6.4,0.07,E key pair outward (c1 >= 255),-x,E,A-pair,0.0
K15,67.99,26.37,B5,SLSWE,7.0,-4.3,0.0,0.0,0.0,4.3,,,-x,E,A-pair,
K15,67.99,26.37,B5,ULS2W,14.6,11.2,0.0,0.0,0.0,11.2,0.12,plate strip at key moment,-x,E,A-pair,0.0
K15,67.99,26.37,B5,ULS3W,-2.2,11.2,0.0,0.0,0.0,11.2,0.12,plate strip at key moment,-x,E,A-pair,0.6
K15,67.99,26.37,B5,SLSWW,-0.1,7.5,0.0,0.0,0.0,7.5,,,-x,E,A-pair,
K15,67.99,26.37,B5,ULS4+x,22.8,0.0,0.0,0.0,10.8,10.8,0.11,plate strip at key moment,-x,E,A-pair,0.0
K15,67.99,26.37,B5,ULS4+x (uplift side),13.7,0.0,0.0,0.0,10.8,10.8,0.11,plate strip at key moment,-x,E,A-pair,0.0
K15,67.99,26.37,B5,ULS4-x,22.8,0.0,0.0,0.0,10.8,10.8,0.11,plate strip at key moment,-x,E,A-pair,0.0
K15,67.99,26.37,B5,ULS4-x (uplift side),13.7,0.0,0.0,0.0,10.8,10.8,0.11,plate strip at key moment,-x,E,A-pair,0.0
K15,67.99,26.37,B5,ULS4+y,40.9,0.0,0.0,0.0,3.2,3.2,0.06,bearing,-x,E,A-pair,0.0
K15,67.99,26.37,B5,ULS4+y (uplift side),38.2,0.0,0.0,0.0,3.2,3.2,0.06,bearing,-x,E,A-pair,0.0
K15,67.99,26.37,B5,ULS4-y,5.9,0.0,-41.2,0.0,3.2,44.4,0.46,plate strip at key moment,-x,E,A-pair,0.0
K15,67.99,26.37,B5,ULS4-y (uplift side),-31.9,0.0,-41.2,0.0,3.2,44.4,0.46,plate strip at key moment,-x,E,A-pair,8.0
K16,77.78,24.46,"B3,B7",ULS1,14.7,0.0,0.0,0.0,0.0,0.0,0.02,bearing,-,E,A,0.0
K16,77.78,24.46,"B3,B7",SLS,10.4,0.0,0.0,0.0,0.0,0.0,,,-,E,A,
K16,77.78,24.46,"B3,B7",ULS2N,18.4,6.0,-50.2,0.6,0.0,50.6,0.6,Key A SHS bearing,-,E,A,0.0
K16,77.78,24.46,"B3,B7",ULS3N,-73.8,6.0,-50.2,0.6,0.0,50.6,0.6,Key A SHS bearing,-,E,A,18.4
K16,77.78,24.46,"B3,B7",SLSWN,-46.4,4.0,-33.5,0.4,0.0,33.7,,,-,E,A,
K16,77.78,24.46,"B3,B7",ULS2S,80.7,3.6,4.2,0.3,0.0,5.8,0.12,bearing,-,E,A,0.0
K16,77.78,24.46,"B3,B7",ULS3S,52.3,3.6,4.2,0.3,0.0,5.8,0.08,plate strip at key moment,-,E,A,0.0
K16,77.78,24.46,"B3,B7",SLSWS,37.6,2.4,2.8,0.2,0.0,3.7,,,-,E,A,
K16,77.78,24.46,"B3,B7",ULS2E,54.7,-3.8,-5.6,0.0,0.0,6.8,0.1,plate strip at key moment,-,E,A,0.0
K16,77.78,24.46,"B3,B7",ULS3E,30.9,-3.8,-5.6,0.0,0.0,6.8,0.1,plate strip at key moment,-,E,A,0.0
K16,77.78,24.46,"B3,B7",SLSWE,23.4,-2.5,-3.8,0.0,0.0,4.5,,,-,E,A,
K16,77.78,24.46,"B3,B7",ULS2W,30.1,28.8,-7.9,0.0,0.0,29.8,0.38,plate strip at key moment,-,E,A,0.0
K16,77.78,24.46,"B3,B7",ULS3W,-16.6,28.8,-7.9,0.0,0.0,29.8,0.38,plate strip at key moment,-,E,A,4.2
K16,77.78,24.46,"B3,B7",SLSWW,-8.3,19.2,-5.3,0.0,0.0,19.9,,,-,E,A,
K16,77.78,24.46,"B3,B7",ULS4+x,31.1,56.5,0.0,0.7,2.0,57.2,0.68,Key A SHS bearing,-,E,A,0.0
K16,77.78,24.46,"B3,B7",ULS4+x (uplift side),-26.1,56.5,0.0,0.7,2.0,57.2,0.68,Key A SHS bearing,-,E,A,6.5
K16,77.78,24.46,"B3,B7",ULS4-x,84.8,0.0,0.0,0.7,2.0,2.1,0.13,bearing,-,E,A,0.0
K16,77.78,24.46,"B3,B7",ULS4-x (uplift side),81.2,0.0,0.0,0.7,2.0,2.1,0.12,bearing,-,E,A,0.0
K16,77.78,24.46,"B3,B7",ULS4+y,80.5,17.0,0.0,2.3,0.6,19.3,0.23,Key A SHS bearing,-,E,A,0.0
K16,77.78,24.46,"B3,B7",ULS4+y (uplift side),61.4,17.0,0.0,2.3,0.6,19.3,0.23,Key A SHS bearing,-,E,A,0.0
K16,77.78,24.46,"B3,B7",ULS4-y,9.2,17.0,-48.4,2.3,0.6,52.6,0.7,plate strip at key moment,-,E,A,0.0
K16,77.78,24.46,"B3,B7",ULS4-y (uplift side),-81.2,17.0,-48.4,2.3,0.6,52.6,0.7,plate strip at key moment,-,E,A,20.3
K17,81.89,24.46,B3,ULS1,31.4,0.0,0.0,0.0,0.0,0.0,0.05,bearing,-,E,A,0.0
K17,81.89,24.46,B3,SLS,22.2,0.0,0.0,0.0,0.0,0.0,,,-,E,A,
K17,81.89,24.46,B3,ULS2N,38.5,0.0,-8.9,0.6,0.0,8.9,0.2,Key A towards edge -y (c1 255),-,E,A,0.0
K17,81.89,24.46,B3,ULS3N,-11.1,0.0,-8.9,0.6,0.0,8.9,0.2,Key A towards edge -y (c1 255),-,E,A,2.8
K17,81.89,24.46,B3,SLSWN,-1.5,0.0,-5.9,0.4,0.0,5.9,,,-,E,A,
K17,81.89,24.46,B3,ULS2S,38.3,0.0,9.4,0.3,0.0,9.4,0.11,Key A SHS bearing,-,E,A,0.0
K17,81.89,24.46,B3,ULS3S,-22.2,0.0,9.4,0.3,0.0,9.4,0.16,"E rebar bond in the column head, embed 250 min (N_Rd 136)",-,E,A,5.5
K17,81.89,24.46,B3,SLSWS,-8.9,0.0,6.2,0.2,0.0,6.2,,,-,E,A,
K17,81.89,24.46,B3,ULS2E,38.0,-26.6,-12.5,0.0,0.0,29.4,0.4,plate strip at key moment,-,E,A,0.0
K17,81.89,24.46,B3,ULS3E,-34.3,-26.6,-12.5,0.0,0.0,29.4,0.4,plate strip at key moment,-,E,A,8.6
K17,81.89,24.46,B3,SLSWE,-16.9,-17.8,-8.3,0.0,0.0,19.6,,,-,E,A,
K17,81.89,24.46,B3,ULS2W,63.2,0.0,-12.5,0.0,0.0,12.5,0.27,Key A towards edge -y (c1 255),-,E,A,0.0
K17,81.89,24.46,B3,ULS3W,22.3,0.0,-12.5,0.0,0.0,12.5,0.27,Key A towards edge -y (c1 255),-,E,A,0.0
K17,81.89,24.46,B3,SLSWW,20.8,0.0,-8.3,0.0,0.0,8.3,,,-,E,A,
K17,81.89,24.46,B3,ULS4+x,67.6,0.0,0.0,0.7,0.0,0.7,0.1,bearing,-,E,A,0.0
K17,81.89,24.46,B3,ULS4+x (uplift side),67.0,0.0,0.0,0.7,0.0,0.7,0.1,bearing,-,E,A,0.0
K17,81.89,24.46,B3,ULS4-x,14.0,-56.5,0.0,0.7,0.0,57.2,0.68,Key A SHS bearing,-,E,A,0.0
K17,81.89,24.46,B3,ULS4-x (uplift side),-40.3,-56.5,0.0,0.7,0.0,57.2,0.68,Key A SHS bearing,-,E,A,10.1
K17,81.89,24.46,B3,ULS4+y,31.6,0.0,0.0,2.3,0.0,2.3,0.05,bearing,-,E,A,0.0
K17,81.89,24.46,B3,ULS4+y (uplift side),29.4,0.0,0.0,2.3,0.0,2.3,0.04,bearing,-,E,A,0.0
K17,81.89,24.46,B3,ULS4-y,31.6,0.0,0.0,2.3,0.0,2.3,0.05,bearing,-,E,A,0.0
K17,81.89,24.46,B3,ULS4-y (uplift side),29.4,0.0,0.0,2.3,0.0,2.3,0.04,bearing,-,E,A,0.0
K18,95.59,24.46,-,ULS1,25.5,0.0,0.0,0.0,0.0,0.0,0.04,bearing,+x,E,A-pair,0.0
K18,95.59,24.46,-,SLS,18.1,0.0,0.0,0.0,0.0,0.0,,,+x,E,A-pair,
K18,95.59,24.46,-,ULS2N,30.8,8.6,-4.9,0.0,0.0,9.9,0.13,E key pair outward (c1 >= 255),+x,E,A-pair,0.0
K18,95.59,24.46,-,ULS3N,-7.7,8.6,-4.9,0.0,0.0,9.9,0.13,E key pair outward (c1 >= 255),+x,E,A-pair,1.9
K18,95.59,24.46,-,SLSWN,-0.3,5.7,-3.3,0.0,0.0,6.6,,,+x,E,A-pair,
K18,95.59,24.46,-,ULS2S,30.8,7.2,5.1,0.0,0.0,8.8,0.12,E key pair outward (c1 >= 255),+x,E,A-pair,0.0
K18,95.59,24.46,-,ULS3S,-18.1,7.2,5.1,0.0,0.0,8.8,0.13,"E rebar bond in the column head, embed 250 min (N_Rd 136)",+x,E,A-pair,4.5
K18,95.59,24.46,-,SLSWS,-7.2,4.8,3.4,0.0,0.0,5.9,,,+x,E,A-pair,
K18,95.59,24.46,-,ULS2E,30.8,-7.6,-9.6,0.0,0.0,12.2,0.13,plate strip at key moment,+x,E,A-pair,0.0
K18,95.59,24.46,-,ULS3E,-21.1,-7.6,-9.6,0.0,0.0,12.2,0.16,"E rebar bond in the column head, embed 250 min (N_Rd 136)",+x,E,A-pair,5.3
K18,95.59,24.46,-,SLSWE,-9.2,-5.0,-6.4,0.0,0.0,8.1,,,+x,E,A-pair,
K18,95.59,24.46,-,ULS2W,30.8,4.3,-6.8,0.0,0.0,8.1,0.1,E key pair outward (c1 >= 255),+x,E,A-pair,0.0
K18,95.59,24.46,-,ULS3W,-1.6,4.3,-6.8,0.0,0.0,8.1,0.1,E key pair outward (c1 >= 255),+x,E,A-pair,0.4
K18,95.59,24.46,-,SLSWW,3.8,2.9,-4.6,0.0,0.0,5.4,,,+x,E,A-pair,
K18,95.59,24.46,-,ULS4+x,11.1,0.0,0.0,0.0,0.0,0.0,0.02,bearing,+x,E,A-pair,0.0
K18,95.59,24.46,-,ULS4+x (uplift side),11.1,0.0,0.0,0.0,0.0,0.0,0.02,bearing,+x,E,A-pair,0.0
K18,95.59,24.46,-,ULS4-x,11.1,0.0,0.0,0.0,0.0,0.0,0.02,bearing,+x,E,A-pair,0.0
K18,95.59,24.46,-,ULS4-x (uplift side),11.1,0.0,0.0,0.0,0.0,0.0,0.02,bearing,+x,E,A-pair,0.0
K18,95.59,24.46,-,ULS4+y,11.1,0.0,0.0,0.0,0.0,0.0,0.02,bearing,+x,E,A-pair,0.0
K18,95.59,24.46,-,ULS4+y (uplift side),11.1,0.0,0.0,0.0,0.0,0.0,0.02,bearing,+x,E,A-pair,0.0
K18,95.59,24.46,-,ULS4-y,11.1,0.0,0.0,0.0,0.0,0.0,0.02,bearing,+x,E,A-pair,0.0
K18,95.59,24.46,-,ULS4-y (uplift side),11.1,0.0,0.0,0.0,0.0,0.0,0.02,bearing,+x,E,A-pair,0.0
K19,67.99,21.76,B5,ULS1,24.7,0.0,0.0,0.0,0.0,0.0,0.04,bearing,-x,E,A-pair,0.0
K19,67.99,21.76,B5,SLS,17.5,0.0,0.0,0.0,0.0,0.0,,,-x,E,A-pair,
K19,67.99,21.76,B5,ULS2N,57.7,-8.7,-5.5,0.0,0.0,10.3,0.14,E key pair outward (c1 >= 255),-x,E,A-pair,0.0
K19,67.99,21.76,B5,ULS3N,20.8,-8.7,-5.5,0.0,0.0,10.3,0.14,E key pair outward (c1 >= 255),-x,E,A-pair,0.0
K19,67.99,21.76,B5,SLSWN,18.5,-5.8,-3.7,0.0,0.0,6.8,,,-x,E,A-pair,
K19,67.99,21.76,B5,ULS2S,30.4,-7.3,36.0,0.0,0.0,36.7,0.38,plate strip at key moment,-x,E,A-pair,0.0
K19,67.99,21.76,B5,ULS3S,-44.1,-7.3,36.0,0.0,0.0,36.7,0.38,plate strip at key moment,-x,E,A-pair,11.0
K19,67.99,21.76,B5,SLSWS,-24.7,-4.9,24.0,0.0,0.0,24.5,,,-x,E,A-pair,
K19,67.99,21.76,B5,ULS2E,30.4,-4.4,2.5,0.0,0.0,5.0,0.07,E key pair outward (c1 >= 255),-x,E,A-pair,0.0
K19,67.99,21.76,B5,ULS3E,-18.7,-4.4,2.5,0.0,0.0,5.0,0.14,"E rebar bond in the column head, embed 250 min (N_Rd 136)",-x,E,A-pair,4.7
K19,67.99,21.76,B5,SLSWE,-7.8,-2.9,1.6,0.0,0.0,3.3,,,-x,E,A-pair,
K19,67.99,21.76,B5,ULS2W,30.4,7.6,-3.1,0.0,0.0,8.2,0.08,plate strip at key moment,-x,E,A-pair,0.0
K19,67.99,21.76,B5,ULS3W,-30.7,7.6,-3.1,0.0,0.0,8.2,0.23,"E rebar bond in the column head, embed 250 min (N_Rd 136)",-x,E,A-pair,7.7
K19,67.99,21.76,B5,SLSWW,-15.8,5.1,-2.1,0.0,0.0,5.5,,,-x,E,A-pair,
K19,67.99,21.76,B5,ULS4+x,19.6,0.0,12.3,0.0,10.8,23.1,0.24,plate strip at key moment,-x,E,A-pair,0.0
K19,67.99,21.76,B5,ULS4+x (uplift side),-0.0,0.0,12.3,0.0,10.8,23.1,0.24,plate strip at key moment,-x,E,A-pair,0.0
K19,67.99,21.76,B5,ULS4-x,19.6,0.0,12.3,0.0,10.8,23.1,0.24,plate strip at key moment,-x,E,A-pair,0.0
K19,67.99,21.76,B5,ULS4-x (uplift side),-0.0,0.0,12.3,0.0,10.8,23.1,0.24,plate strip at key moment,-x,E,A-pair,0.0
K19,67.99,21.76,B5,ULS4+y,13.2,0.0,41.2,0.0,3.2,44.4,0.46,plate strip at key moment,-x,E,A-pair,0.0
K19,67.99,21.76,B5,ULS4+y (uplift side),-24.5,0.0,41.2,0.0,3.2,44.4,0.46,plate strip at key moment,-x,E,A-pair,6.1
K19,67.99,21.76,B5,ULS4-y,48.2,0.0,0.0,0.0,3.2,3.2,0.07,bearing,-x,E,A-pair,0.0
K19,67.99,21.76,B5,ULS4-y (uplift side),45.5,0.0,0.0,0.0,3.2,3.2,0.07,bearing,-x,E,A-pair,0.0
K20,77.78,21.76,B7,ULS1,22.0,0.0,0.0,0.0,0.0,0.0,0.03,bearing,+x,E,A-pair,0.0
K20,77.78,21.76,B7,SLS,15.6,0.0,0.0,0.0,0.0,0.0,,,+x,E,A-pair,
K20,77.78,21.76,B7,ULS2N,95.0,7.3,-5.5,0.0,0.0,9.2,0.14,bearing,+x,E,A-pair,0.0
K20,77.78,21.76,B7,ULS3N,62.3,7.3,-5.5,0.0,0.0,9.2,0.12,E key pair outward (c1 >= 255),+x,E,A-pair,0.0
K20,77.78,21.76,B7,SLSWN,45.7,4.9,-3.7,0.0,0.0,6.1,,,+x,E,A-pair,
K20,77.78,21.76,B7,ULS2S,26.9,4.4,48.2,0.0,0.0,48.4,0.5,plate strip at key moment,+x,E,A-pair,0.0
K20,77.78,21.76,B7,ULS3S,-79.3,4.4,48.2,0.0,0.0,48.4,0.58,"E rebar bond in the column head, embed 250 min (N_Rd 136)",+x,E,A-pair,19.8
K20,77.78,21.76,B7,SLSWS,-48.7,2.9,32.1,0.0,0.0,32.3,,,+x,E,A-pair,
K20,77.78,21.76,B7,ULS2E,26.9,-4.6,-2.9,0.0,0.0,5.5,0.06,plate strip at key moment,+x,E,A-pair,0.0
K20,77.78,21.76,B7,ULS3E,-26.1,-4.6,-2.9,0.0,0.0,5.5,0.19,"E rebar bond in the column head, embed 250 min (N_Rd 136)",+x,E,A-pair,6.5
K20,77.78,21.76,B7,SLSWE,-13.3,-3.1,-2.0,0.0,0.0,3.6,,,+x,E,A-pair,
K20,77.78,21.76,B7,ULS2W,26.9,2.6,0.6,0.0,0.0,2.7,0.04,bearing,+x,E,A-pair,0.0
K20,77.78,21.76,B7,ULS3W,-26.1,2.6,0.6,0.0,0.0,2.7,0.19,"E rebar bond in the column head, embed 250 min (N_Rd 136)",+x,E,A-pair,6.5
K20,77.78,21.76,B7,SLSWW,-13.3,1.8,0.4,0.0,0.0,1.8,,,+x,E,A-pair,
K20,77.78,21.76,B7,ULS4+x,12.3,0.0,14.5,0.0,2.0,16.5,0.17,plate strip at key moment,+x,E,A-pair,0.0
K20,77.78,21.76,B7,ULS4+x (uplift side),-12.0,0.0,14.5,0.0,2.0,16.5,0.17,plate strip at key moment,+x,E,A-pair,3.0
K20,77.78,21.76,B7,ULS4-x,12.3,0.0,14.5,0.0,2.0,16.5,0.17,plate strip at key moment,+x,E,A-pair,0.0
K20,77.78,21.76,B7,ULS4-x (uplift side),-12.0,0.0,14.5,0.0,2.0,16.5,0.17,plate strip at key moment,+x,E,A-pair,3.0
K20,77.78,21.76,B7,ULS4+y,10.2,0.0,48.4,0.0,0.6,49.0,0.5,plate strip at key moment,+x,E,A-pair,0.0
K20,77.78,21.76,B7,ULS4+y (uplift side),-61.9,0.0,48.4,0.0,0.6,49.0,0.5,plate strip at key moment,+x,E,A-pair,15.5
K20,77.78,21.76,B7,ULS4-y,81.5,0.0,0.0,0.0,0.6,0.6,0.12,bearing,+x,E,A-pair,0.0
K20,77.78,21.76,B7,ULS4-y (uplift side),80.6,0.0,0.0,0.0,0.6,0.6,0.12,bearing,+x,E,A-pair,0.0
WP2,86.46,24.64,-,"ULS2 (wind post, shear only, no uplift)",1.3,0.0,14.3,0,0,14.3,0.34,"centred 60 mm key, c1 250 (post 280 mm inboard of the face)",-y,post,B (centred),0
WP3,91.03,24.64,-,"ULS2 (wind post, shear only, no uplift)",1.3,0.0,14.3,0,0,14.3,0.34,"centred 60 mm key, c1 250 (post 280 mm inboard of the face)",-y,post,B (centred),0
WP4,72.89,21.94,-,"ULS2 (wind post, shear only, no uplift)",1.4,0.0,16.0,0,0,16.0,0.38,"centred 60 mm key, c1 250 (post 280 mm inboard of the face)",-y,post,B (centred),0
