id,type,section,length,frm,to,N_Ed,M_Ed,V_Ed,u_M,u_V,u_LTB_g,u_LTB_up,u_defl,utilisation,governing,verdict
T2/R78-R82,trimmer,IPE 240,4.07,R78,R82,0.0,1.7,1.7,0.02,0.01,0.03,0.02,0.01,0.03,LTBg,OK
P_NOTCH/R78-K21,eave beam,IPE 300,4.07,R78,K21,0.0,2.0,2.0,0.01,0.0,0.02,0.01,0.01,0.02,LTBg,OK
R68/K25-K19,rafter,IPE 240,5.89,K25,K19,0.0,12.3,8.6,0.12,0.03,0.08,0.14,0.09,0.14,LTBu,OK
R68/K19-K15,rafter,IPE 240,4.61,K19,K15,0.0,5.2,4.5,0.05,0.01,0.05,0.06,0.04,0.06,LTBu,OK
R68/K15-K8,rafter,IPE 240,3.0,K15,K8,0.0,2.2,2.9,0.02,0.01,0.02,0.02,0.01,0.02,LTBu,OK
R68/K8-K6,rafter,IPE 240,5.8,K8,K6,0.0,12.0,8.5,0.12,0.03,0.07,0.14,0.07,0.14,LTBu,OK
R70/P_K25K26-P_K19K20,rafter,IPE 240,5.89,P_K25K26,P_K19K20,0.0,14.6,10.1,0.14,0.03,0.14,0.17,0.14,0.17,LTBu,OK
R70/P_K19K20-P_K8K9,rafter,IPE 240,7.56,P_K19K20,P_K8K9,0.0,21.3,11.5,0.21,0.04,0.22,0.25,0.28,0.28,defl,OK
R70/P_K8K9-P_K6K5,rafter,IPE 240,5.9,P_K8K9,P_K6K5,0.0,15.2,14.3,0.15,0.05,0.13,0.17,0.13,0.17,LTBu,OK
R72/K26-P_K19K20,rafter,IPE 240,5.89,K26,P_K19K20,0.0,15.5,10.5,0.15,0.03,0.16,0.13,0.16,0.16,defl,OK
R72/P_K19K20-K9,rafter,IPE 240,7.51,P_K19K20,K9,0.0,24.4,13.2,0.24,0.04,0.26,0.24,0.32,0.32,defl,OK
R72/K9-K5,rafter,IPE 240,6.0,K9,K5,0.0,18.0,15.9,0.18,0.05,0.15,0.21,0.15,0.21,LTBu,OK
R75/K24-P_K19K20,rafter,IPE 240,5.79,K24,P_K19K20,0.0,17.2,11.9,0.17,0.04,0.18,0.17,0.18,0.18,LTBg,OK
R75/P_K19K20-P_K9K10,rafter,IPE 240,7.51,P_K19K20,P_K9K10,0.0,28.1,15.2,0.28,0.05,0.3,0.27,0.37,0.37,defl,OK
R75/P_K9K10-P_K5K7,rafter,IPE 240,5.93,P_K9K10,P_K5K7,0.0,19.5,15.7,0.19,0.05,0.17,0.22,0.17,0.22,LTBu,OK
R78/K27-K20,rafter,IPE 240,5.89,K27,K20,0.0,13.1,10.1,0.13,0.03,0.13,0.15,0.14,0.15,LTBu,OK
R78/K20-K16,rafter,IPE 240,2.7,K20,K16,0.0,2.9,5.8,0.03,0.02,0.03,0.0,0.01,0.03,M,OK
R78/K16-K10,rafter,IPE 240,4.81,K16,K10,0.0,13.2,11.4,0.13,0.04,0.14,0.12,0.11,0.14,LTBg,OK
R78/K10-K7,rafter,IPE 240,5.9,K10,K7,0.0,11.3,8.4,0.11,0.03,0.12,0.1,0.12,0.12,defl,OK
R82/K21-K17,rafter,IPE 240,4.39,K21,K17,0.0,6.1,7.4,0.06,0.02,0.06,0.02,0.05,0.06,LTBg,OK
R82/K17-K11,rafter,IPE 240,4.81,K17,K11,0.0,13.0,11.1,0.13,0.04,0.14,0.13,0.11,0.14,LTBg,OK
R82/K11-K3,rafter,IPE 240,6.4,K11,K3,0.0,12.4,9.0,0.12,0.03,0.13,0.11,0.14,0.14,defl,OK
R85/P_K21K22-P_K11K12,rafter,IPE 240,9.2,P_K21K22,P_K11K12,0.0,40.5,17.7,0.4,0.06,0.42,0.3,0.66,0.66,defl,OK
R85/P_K11K12-P_K3K1,rafter,IPE 240,6.4,P_K11K12,P_K3K1,0.0,22.8,19.5,0.23,0.06,0.19,0.26,0.2,0.26,LTBu,OK
R87/P_K21K22-K12,rafter,IPE 240,9.2,P_K21K22,K12,0.0,40.9,17.9,0.41,0.06,0.43,0.34,0.66,0.66,defl,OK
R87/K12-K1,rafter,IPE 240,6.5,K12,K1,0.0,22.4,17.4,0.22,0.06,0.19,0.26,0.21,0.26,LTBu,OK
R90/P_K22K23-P_K12K13,rafter,IPE 240,9.2,P_K22K23,P_K12K13,0.0,40.2,17.6,0.4,0.06,0.42,0.44,0.65,0.65,defl,OK
R90/P_K12K13-P_K1K2,rafter,IPE 240,6.5,P_K12K13,P_K1K2,0.0,21.7,16.6,0.22,0.05,0.19,0.25,0.21,0.25,LTBu,OK
R92/P_K22K23-K13,rafter,IPE 240,9.2,P_K22K23,K13,0.0,42.6,18.7,0.42,0.06,0.45,0.55,0.69,0.69,defl,OK
R92/K13-K2,rafter,IPE 240,6.5,K13,K2,0.0,25.2,21.3,0.25,0.07,0.2,0.29,0.22,0.29,LTBu,OK
R95/K23-K18,rafter,IPE 240,4.39,K23,K18,0.0,9.9,9.1,0.1,0.03,0.07,0.1,0.05,0.1,LTBu,OK
R95/K18-K14,rafter,IPE 240,4.81,K18,K14,0.0,8.3,6.9,0.08,0.02,0.08,0.09,0.06,0.09,LTBu,OK
R95/K14-K4,rafter,IPE 240,6.4,K14,K4,0.0,19.8,12.8,0.2,0.04,0.12,0.23,0.14,0.23,LTBu,OK
P_K6K5/K6-K5,eave beam,IPE 300,4.1,K6,K5,0.0,16.2,8.3,0.09,0.02,0.06,0.1,0.03,0.1,LTBu,OK
P_K5K7/K5-K7,primary,IPE 300,5.69,K5,K7,0.0,24.7,9.4,0.14,0.02,0.12,0.15,0.08,0.15,LTBu,OK
P_K3K1/K3-K1,primary,IPE 300,5.34,K3,K1,0.0,29.3,11.6,0.17,0.03,0.12,0.18,0.07,0.18,LTBu,OK
P_K1K2/K1-K2,primary,IPE 300,5.29,K1,K2,0.0,23.5,9.7,0.14,0.02,0.11,0.14,0.07,0.14,LTBu,OK
P_K2K4/K2-K4,eave beam,IPE 300,3.07,K2,K4,0.0,0.7,0.9,0.0,0.0,0.0,0.0,0.0,0.0,LTBg,OK
P_K8K9/K8-K9,primary,IPE 300,4.1,K8,K9,0.0,20.7,10.7,0.12,0.03,0.12,0.12,0.06,0.12,LTBg,OK
P_K9K10/K9-K10,primary,IPE 300,5.69,K9,K10,0.0,38.1,14.4,0.22,0.04,0.24,0.2,0.15,0.24,LTBg,OK
P_K10K11/K10-K11,primary,IPE 300,4.07,K10,K11,0.0,2.0,1.9,0.01,0.0,0.02,0.01,0.01,0.02,LTBg,OK
P_K11K12/K11-K12,primary,IPE 300,5.34,K11,K12,0.0,39.5,15.7,0.23,0.04,0.24,0.19,0.14,0.24,LTBg,OK
P_K12K13/K12-K13,primary,IPE 300,5.29,K12,K13,0.0,38.9,15.9,0.23,0.04,0.24,0.18,0.14,0.24,LTBg,OK
P_K13K14/K13-K14,primary,IPE 300,3.07,K13,K14,0.0,0.7,0.9,0.0,0.0,0.0,0.0,0.0,0.0,LTBg,OK
P_K16K17/K16-K17,primary,IPE 300,4.07,K16,K17,0.0,1.2,1.1,0.01,0.0,0.01,0.01,0.0,0.01,LTBg,OK
P_K19K20/K19-K20,primary,IPE 300,9.79,K19,K20,0.0,119.4,40.7,0.69,0.1,0.82,0.6,0.94,0.94,defl,OK
P_K21K22/K21-K22,primary,IPE 300,7.03,K21,K22,0.0,44.8,22.7,0.26,0.06,0.3,0.16,0.26,0.3,LTBg,OK
P_K22K23/K22-K23,primary,IPE 300,6.67,K22,K23,0.0,42.9,25.9,0.25,0.06,0.28,0.22,0.21,0.28,LTBg,OK
P_K25K26/K25-K26,eave beam,IPE 300,4.0,K25,K26,0.0,11.0,6.2,0.06,0.02,0.06,0.06,0.03,0.06,LTBg,OK
P_K26K24/K26-K24,eave beam,IPE 300,2.9,K26,K24,0.0,0.6,0.8,0.0,0.0,0.0,0.0,0.0,0.0,LTBg,OK
P_K24K27/K24-K27,eave beam,IPE 300,2.89,K24,K27,0.0,0.6,0.8,0.0,0.0,0.0,0.0,0.0,0.0,LTBg,OK
K1,column,HEA 140,3.02,base,cap,48.8,11.9 / 0.0,38.6,,,0.1,0.35,,0.35,6.3.3,OK
K2,column,HEA 140,3.02,base,cap,44.3,10.5 / 0.0,38.6,,,0.09,0.3,,0.3,6.3.3,OK
K3,column,HEA 140,3.02,base,cap,17.4,10.6 / 1.5,14.1,,,0.04,0.36,,0.36,6.3.3,OK
K4,column,HEA 140,3.02,base,cap,10.4,10.2 / 3.7,14.4,,,0.02,0.42,,0.42,6.3.3,OK
K5,column,HEA 140,3.05,base,cap,47.7,11.2 / 0.0,59.4,,,0.1,0.33,,0.33,6.3.3,OK
K6,column,HEA 140,3.05,base,cap,12.4,11.0 / 4.9,15.8,,,0.03,0.5,,0.5,6.3.3,OK
K7,column,HEA 140,3.05,base,cap,41.6,11.2 / 0.0,59.4,,,0.09,0.31,,0.31,6.3.3,OK
K8,column,HEA 140,3.4,base,cap,19.3,11.9 / 0.0,14.0,,,0.05,0.34,,0.34,6.3.3,OK
K9,column,HEA 140,3.41,base,cap,48.4,0.0 / 0.0,0.0,,,0.12,0.12,,0.12,6.3.1,OK
K10,column,HEA 140,3.41,base,cap,36.4,0.0 / 0.0,0.0,,,0.09,0.09,,0.09,6.3.1,OK
K11,column,HEA 140,3.41,base,cap,38.0,0.0 / 0.0,0.0,,,0.09,0.09,,0.09,6.3.1,OK
K12,column,HEA 140,3.41,base,cap,60.4,0.0 / 0.0,0.0,,,0.15,0.15,,0.15,6.3.1,OK
K13,column,HEA 140,3.41,base,cap,47.6,0.0 / 0.0,0.0,,,0.12,0.12,,0.12,6.3.1,OK
K14,column,HEA 140,3.41,base,cap,32.2,15.2 / 0.0,32.8,,,0.08,0.42,,0.42,6.3.3,OK
K15,column,HEA 140,3.58,base,cap,41.9,11.4 / 0.0,45.3,,,0.11,0.31,,0.31,6.3.3,OK
K16,column,HEA 140,3.69,base,cap,19.5,0.0 / 0.0,0.0,,,0.05,0.05,,0.05,6.3.1,OK
K17,column,HEA 140,3.69,base,cap,20.9,0.0 / 0.0,0.0,,,0.06,0.06,,0.06,6.3.1,OK
K18,column,HEA 140,3.69,base,cap,31.4,14.7 / 0.0,32.8,,,0.08,0.46,,0.46,6.3.3,OK
K19,column,HEA 140,3.86,base,cap,75.6,18.3 / 0.0,45.3,,,0.22,0.68,,0.68,6.3.3,OK
K20,column,HEA 140,3.86,base,cap,83.9,0.0 / 0.0,61.7,,,0.24,0.24,,0.24,6.3.1,OK
K21,column,HEA 140,3.96,base,cap,27.0,16.9 / 0.0,17.1,,,0.08,0.52,,0.52,6.3.3,OK
K22,column,HEA 140,3.96,base,cap,70.4,21.1 / 0.0,65.4,,,0.21,0.75,,0.75,6.3.3,OK
K23,column,HEA 140,3.96,base,cap,52.6,15.1 / 7.4,65.5,,,0.16,0.79,,0.79,6.3.3,OK
K24,column,HEA 140,4.2,base,cap,16.5,14.1 / 0.0,13.4,,,0.05,0.43,,0.43,6.3.3,OK
K25,column,HEA 140,4.21,base,cap,37.2,11.9 / 10.3,28.9,,,0.12,0.81,,0.81,6.3.3,OK
K26,column,HEA 140,4.21,base,cap,39.0,12.0 / 0.0,28.9,,,0.13,0.43,,0.43,6.3.3,OK
K27,column,HEA 140,4.21,base,cap,49.0,8.6 / 7.6,61.7,,,0.16,0.59,,0.59,6.3.3,OK
WP1,wind post,HEA 140,4.24,slab,eave,0,9.1 / 9.5,11.4,,,,0.65,,0.65,6.3.3 biaxial,OK
ST1,roof truss post,IPE 240,5.65,,,24.2,0,,,,0.15,,,0.15,6.3.1,OK
ST2,roof truss post,IPE 240,4.1,,,19.5,0,,,,0.07,,,0.07,6.3.1,OK
B1,wall X-brace,L 70x7,6.2,K1,K2,45.3,0,,,,,,0.12,0.37,gusset bolts,OK
B2,wall X-brace,L 70x7,6.57,K5,K7,68.5,0,,,,,,0.12,0.55,gusset bolts,OK
B3,wall X-brace,L 70x7,7.82,K22,K23,77.4,0,,,,,,0.11,0.63,gusset bolts,OK
B4,wall X-brace,L 70x7,5.97,K25,K26,43.2,0,,,,,,0.09,0.35,gusset bolts,OK
B5,wall X-brace,L 70x7,6.06,K15,K19,59.6,0,,,,,,0.11,0.48,gusset bolts,OK
B6,wall X-brace,L 70x7,6.11,K14,K18,41.7,0,,,,,,0.11,0.34,gusset bolts,OK
B7,wall X-brace,L 70x7,7.27,K20,K27,76.1,0,,,,,,0.13,0.62,gusset bolts,OK
B9,wall X-brace,L 70x7,5.97,K18,K23,39.9,0,,,,,,0.1,0.32,gusset bolts,OK
RT-N-W,roof X-brace,M24 rod 8.8,8.2,,,43.7,0,,,,,,,0.21,rod tension (seismic),OK
RT-N-E,roof X-brace,M24 rod 8.8,8.34,,,53.1,0,,,,,,,0.26,rod tension (seismic),OK
RT-JOG,roof X-brace,M24 rod 8.8,6.3,,,80.8,0,,,,,,,0.4,rod tension (seismic),OK
RT-W,roof X-brace,M24 rod 8.8,7.18,,,72.4,0,,,,,,,0.36,rod tension (seismic),OK
RT-E,roof X-brace,M24 rod 8.8,8.57,,,59.6,0,,,,,,,0.29,rod tension (seismic),OK
strut purlin,diaphragm strut/chord,Z200x2.0,,,,3.1,,,,,,,,0.41,N + M interaction,OK
strut rafter_chord,diaphragm strut/chord,IPE 240,,,,70.2,,,,,,,,0.46,N + M interaction,OK
strut primary_chord,diaphragm strut/chord,IPE 300,,,,33.0,,,,,,,,0.37,N + M interaction,OK
strut eave_strut,diaphragm strut/chord,IPE 300,,,,66.7,,,,,,,,0.22,N + M interaction,OK
strut rafter_strut,diaphragm strut/chord,IPE 240,,,,7.6,,,,,,,,0.48,N + M interaction,OK
strut R78_strut,diaphragm strut/chord,IPE 240,,,,61.7,,,,,,,,0.25,N + M interaction,OK
fin R68,strut/chord fin plates,2x2 M20 on IPE 240 web,,"K8, K15, K19, K25 (x 68 line)",,83.8,,3.1,,0.23,,,,0.4,web bearing 0.40,OK
fin R72,strut/chord fin plates,2x2 M20 on IPE 240 web,,"K9, ST2, K26 (RT-W chord)",,72.6,,7.2,,0.22,,,,0.38,web bearing 0.38,OK
fin R78,strut/chord fin plates,2 M20 on IPE 240 web,,"K10, K16, K20 (x 77.8 line)",,61.7,,6.3,,0.38,,,,0.55,web bearing 0.55,OK
fin R82,strut/chord fin plates,2 M20 on IPE 240 web,,"K11, K17 (RT-N-E west post)",,28.9,,6.2,,0.2,,,,0.3,web bearing 0.30,OK
fin R90,strut/chord fin plates,2x2 M20 on IPE 240 web,,"K13, K22 (RT-E chord)",,47.7,,9.5,,0.17,,,,0.29,web bearing 0.29,OK
fin R95,strut/chord fin plates,2x2 M20 on IPE 240 web,,"K4, K14, K18, K23 (x 95.5 line)",,75.8,,4.6,,0.22,,,,0.38,web bearing 0.38,OK
fin R70/R75/R85/R87/R92,strut/chord fin plates,2 M20 on IPE 240 web,,y 29.3 primary (N-S struts),,8.2,,10.1,,0.13,,,,0.19,web bearing 0.19,OK
