column,x,y,braced_bays,case,N_kN,Vx_kN,Vy_kN,Vcross_x,Vcross_y,V_total,base_util,base_gov,near_edges
K1,87.19,35.77,B1,ULS1,42.6,0.0,0.0,0.0,0.0,0.0,0.05,bearing,+y
K1,87.19,35.77,B1,SLS,30.4,0.0,0.0,0.0,0.0,0.0,,,+y
K1,87.19,35.77,B1,ULS2N,37.7,0.0,-16.8,1.3,0.0,16.9,0.18,key shear,+y
K1,87.19,35.77,B1,ULS3N,-34.0,0.0,-16.8,1.3,0.0,16.9,0.35,anchor tension (cone governs),+y
K1,87.19,35.77,B1,SLSWN,-13.7,0.0,-11.2,0.9,0.0,11.2,,,+y
K1,87.19,35.77,B1,ULS2S,37.9,0.0,10.7,1.6,0.0,10.8,0.18,edge shear +y (cage),+y
K1,87.19,35.77,B1,ULS3S,-24.2,0.0,10.7,1.6,0.0,10.8,0.25,anchor tension (cone governs),+y
K1,87.19,35.77,B1,SLSWS,-7.2,0.0,7.1,1.1,0.0,7.1,,,+y
K1,87.19,35.77,B1,ULS2E,54.7,0.0,15.3,0.0,0.0,15.3,0.26,edge shear +y (cage),+y
K1,87.19,35.77,B1,ULS3E,-15.4,0.0,15.3,0.0,0.0,15.3,0.26,edge shear +y (cage),+y
K1,87.19,35.77,B1,SLSWE,-1.3,0.0,10.2,0.0,0.0,10.2,,,+y
K1,87.19,35.77,B1,ULS2W,37.0,29.8,15.3,0.0,0.0,33.5,0.35,key shear,+y
K1,87.19,35.77,B1,ULS3W,-30.4,29.8,15.3,0.0,0.0,33.5,0.35,key shear,+y
K1,87.19,35.77,B1,SLSWW,-11.4,19.8,10.2,0.0,0.0,22.3,,,+y
K1,87.19,35.77,B1,ULS4+x,19.6,22.3,0.0,0.0,0.0,22.3,0.23,key shear,+y
K1,87.19,35.77,B1,ULS4+x (uplift side),6.4,22.3,0.0,0.0,0.0,22.3,0.23,key shear,+y
K1,87.19,35.77,B1,ULS4-x,32.9,0.0,0.0,0.0,0.0,0.0,0.04,bearing,+y
K1,87.19,35.77,B1,ULS4-x (uplift side),19.6,0.0,0.0,0.0,0.0,0.0,0.02,bearing,+y
K1,87.19,35.77,B1,ULS4+y,20.4,0.0,0.0,1.2,0.0,1.2,0.02,bearing,+y
K1,87.19,35.77,B1,ULS4+y (uplift side),18.9,0.0,0.0,1.2,0.0,1.2,0.02,bearing,+y
K1,87.19,35.77,B1,ULS4-y,20.4,0.0,0.0,1.2,0.0,1.2,0.02,bearing,+y
K1,87.19,35.77,B1,ULS4-y (uplift side),18.9,0.0,0.0,1.2,0.0,1.2,0.02,bearing,+y
K2,92.48,35.77,B1,ULS1,33.7,0.0,0.0,0.0,0.0,0.0,0.04,bearing,+y
K2,92.48,35.77,B1,SLS,24.0,0.0,0.0,0.0,0.0,0.0,,,+y
K2,92.48,35.77,B1,ULS2N,30.1,0.0,-13.4,1.3,0.0,13.4,0.14,key shear,+y
K2,92.48,35.77,B1,ULS3N,-36.1,0.0,-13.4,1.3,0.0,13.4,0.37,anchor tension (cone governs),+y
K2,92.48,35.77,B1,SLSWN,-17.0,0.0,-8.9,0.9,0.0,8.9,,,+y
K2,92.48,35.77,B1,ULS2S,30.3,0.0,8.5,1.6,0.0,8.7,0.14,edge shear +y (cage),+y
K2,92.48,35.77,B1,ULS3S,-19.1,0.0,8.5,1.6,0.0,8.7,0.19,anchor tension (cone governs),+y
K2,92.48,35.77,B1,SLSWS,-5.6,0.0,5.7,1.1,0.0,5.7,,,+y
K2,92.48,35.77,B1,ULS2E,29.3,-30.0,17.0,0.0,0.0,34.4,0.36,key shear,+y
K2,92.48,35.77,B1,ULS3E,-35.9,-30.0,17.0,0.0,0.0,34.4,0.37,anchor tension (cone governs),+y
K2,92.48,35.77,B1,SLSWE,-16.8,-20.0,11.3,0.0,0.0,23.0,,,+y
K2,92.48,35.77,B1,ULS2W,46.9,0.0,8.5,0.0,0.0,8.5,0.14,edge shear +y (cage),+y
K2,92.48,35.77,B1,ULS3W,-9.9,0.0,8.5,0.0,0.0,8.5,0.14,edge shear +y (cage),+y
K2,92.48,35.77,B1,SLSWW,0.5,0.0,5.7,0.0,0.0,5.7,,,+y
K2,92.48,35.77,B1,ULS4+x,28.9,0.0,0.0,0.0,0.0,0.0,0.03,bearing,+y
K2,92.48,35.77,B1,ULS4+x (uplift side),15.6,0.0,0.0,0.0,0.0,0.0,0.02,bearing,+y
K2,92.48,35.77,B1,ULS4-x,15.6,-22.3,0.0,0.0,0.0,22.3,0.23,key shear,+y
K2,92.48,35.77,B1,ULS4-x (uplift side),2.4,-22.3,0.0,0.0,0.0,22.3,0.23,key shear,+y
K2,92.48,35.77,B1,ULS4+y,16.4,0.0,0.0,1.2,0.0,1.2,0.02,bearing,+y
K2,92.48,35.77,B1,ULS4+y (uplift side),14.9,0.0,0.0,1.2,0.0,1.2,0.02,bearing,+y
K2,92.48,35.77,B1,ULS4-y,16.4,0.0,0.0,1.2,0.0,1.2,0.02,bearing,+y
K2,92.48,35.77,B1,ULS4-y (uplift side),14.9,0.0,0.0,1.2,0.0,1.2,0.02,bearing,+y
K3,81.89,35.67,-,ULS1,31.1,0.0,0.0,0.0,0.0,0.0,0.03,bearing,+y
K3,81.89,35.67,-,SLS,22.4,0.0,0.0,0.0,0.0,0.0,,,+y
K3,81.89,35.67,-,ULS2N,27.9,0.0,-15.0,0.0,0.0,15.0,0.16,key shear,+y
K3,81.89,35.67,-,ULS3N,-15.1,0.0,-15.0,0.0,0.0,15.0,0.16,key shear,+y
K3,81.89,35.67,-,SLSWN,-3.3,0.0,-10.0,0.0,0.0,10.0,,,+y
K3,81.89,35.67,-,ULS2S,27.9,0.0,9.5,0.0,0.0,9.5,0.16,edge shear +y (cage),+y
K3,81.89,35.67,-,ULS3S,-9.4,0.0,9.5,0.0,0.0,9.5,0.16,edge shear +y (cage),+y
K3,81.89,35.67,-,SLSWS,0.5,0.0,6.4,0.0,0.0,6.4,,,+y
K3,81.89,35.67,-,ULS2E,27.9,0.0,13.6,0.0,0.0,13.6,0.23,edge shear +y (cage),+y
K3,81.89,35.67,-,ULS3E,-3.6,0.0,13.6,0.0,0.0,13.6,0.23,edge shear +y (cage),+y
K3,81.89,35.67,-,SLSWE,4.4,0.0,9.1,0.0,0.0,9.1,,,+y
K3,81.89,35.67,-,ULS2W,27.9,0.0,13.6,0.0,0.0,13.6,0.23,edge shear +y (cage),+y
K3,81.89,35.67,-,ULS3W,-3.4,0.0,13.6,0.0,0.0,13.6,0.23,edge shear +y (cage),+y
K3,81.89,35.67,-,SLSWW,4.5,0.0,9.1,0.0,0.0,9.1,,,+y
K3,81.89,35.67,-,ULS4+x,16.2,0.0,0.0,0.0,0.0,0.0,0.02,bearing,+y
K3,81.89,35.67,-,ULS4+x (uplift side),16.2,0.0,0.0,0.0,0.0,0.0,0.02,bearing,+y
K3,81.89,35.67,-,ULS4-x,16.2,0.0,0.0,0.0,0.0,0.0,0.02,bearing,+y
K3,81.89,35.67,-,ULS4-x (uplift side),16.2,0.0,0.0,0.0,0.0,0.0,0.02,bearing,+y
K3,81.89,35.67,-,ULS4+y,16.2,0.0,0.0,0.0,0.0,0.0,0.02,bearing,+y
K3,81.89,35.67,-,ULS4+y (uplift side),16.2,0.0,0.0,0.0,0.0,0.0,0.02,bearing,+y
K3,81.89,35.67,-,ULS4-y,16.2,0.0,0.0,0.0,0.0,0.0,0.02,bearing,+y
K3,81.89,35.67,-,ULS4-y (uplift side),16.2,0.0,0.0,0.0,0.0,0.0,0.02,bearing,+y
K4,95.59,35.67,-,ULS1,19.8,0.0,0.0,0.0,0.0,0.0,0.02,bearing,"+x,+y"
K4,95.59,35.67,-,SLS,14.3,0.0,0.0,0.0,0.0,0.0,,,"+x,+y"
K4,95.59,35.67,-,ULS2N,18.0,13.8,-5.3,0.0,0.0,14.8,0.23,edge shear +x (cage),"+x,+y"
K4,95.59,35.67,-,ULS3N,-11.3,13.8,-5.3,0.0,0.0,14.8,0.23,edge shear +x (cage),"+x,+y"
K4,95.59,35.67,-,SLSWN,-3.1,9.2,-3.5,0.0,0.0,9.8,,,"+x,+y"
K4,95.59,35.67,-,ULS2S,18.0,9.9,3.4,0.0,0.0,10.4,0.16,edge shear +x (cage),"+x,+y"
K4,95.59,35.67,-,ULS3S,-2.7,9.9,3.4,0.0,0.0,10.4,0.16,edge shear +x (cage),"+x,+y"
K4,95.59,35.67,-,SLSWS,2.6,6.6,2.2,0.0,0.0,6.9,,,"+x,+y"
K4,95.59,35.67,-,ULS2E,18.0,-10.8,6.7,0.0,0.0,12.7,0.13,key shear,"+x,+y"
K4,95.59,35.67,-,ULS3E,-14.6,-10.8,6.7,0.0,0.0,12.7,0.15,anchor tension (cone governs),"+x,+y"
K4,95.59,35.67,-,SLSWE,-5.3,-7.2,4.5,0.0,0.0,8.5,,,"+x,+y"
K4,95.59,35.67,-,ULS2W,18.0,6.9,3.4,0.0,0.0,7.7,0.11,edge shear +x (cage),"+x,+y"
K4,95.59,35.67,-,ULS3W,0.7,6.9,3.4,0.0,0.0,7.7,0.11,edge shear +x (cage),"+x,+y"
K4,95.59,35.67,-,SLSWW,4.8,4.6,2.2,0.0,0.0,5.1,,,"+x,+y"
K4,95.59,35.67,-,ULS4+x,10.8,0.0,0.0,0.0,0.0,0.0,0.01,bearing,"+x,+y"
K4,95.59,35.67,-,ULS4+x (uplift side),10.8,0.0,0.0,0.0,0.0,0.0,0.01,bearing,"+x,+y"
K4,95.59,35.67,-,ULS4-x,10.8,0.0,0.0,0.0,0.0,0.0,0.01,bearing,"+x,+y"
K4,95.59,35.67,-,ULS4-x (uplift side),10.8,0.0,0.0,0.0,0.0,0.0,0.01,bearing,"+x,+y"
K4,95.59,35.67,-,ULS4+y,10.8,0.0,0.0,0.0,0.0,0.0,0.01,bearing,"+x,+y"
K4,95.59,35.67,-,ULS4+y (uplift side),10.8,0.0,0.0,0.0,0.0,0.0,0.01,bearing,"+x,+y"
K4,95.59,35.67,-,ULS4-y,10.8,0.0,0.0,0.0,0.0,0.0,0.01,bearing,"+x,+y"
K4,95.59,35.67,-,ULS4-y (uplift side),10.8,0.0,0.0,0.0,0.0,0.0,0.01,bearing,"+x,+y"
K5,72.09,35.27,B2,ULS1,41.4,0.0,0.0,0.0,0.0,0.0,0.04,bearing,-
K5,72.09,35.27,B2,SLS,29.5,0.0,0.0,0.0,0.0,0.0,,,-
K5,72.09,35.27,B2,ULS2N,36.5,0.0,-15.7,1.2,0.0,15.8,0.16,key shear,-
K5,72.09,35.27,B2,ULS3N,-42.1,0.0,-15.7,1.2,0.0,15.8,0.43,anchor tension (cone governs),-
K5,72.09,35.27,B2,SLSWN,-19.4,0.0,-10.5,0.8,0.0,10.5,,,-
K5,72.09,35.27,B2,ULS2S,36.7,0.0,10.0,1.5,0.0,10.1,0.11,key shear,-
K5,72.09,35.27,B2,ULS3S,-23.5,0.0,10.0,1.5,0.0,10.1,0.24,anchor tension (cone governs),-
K5,72.09,35.27,B2,SLSWS,-7.0,0.0,6.7,1.0,0.0,6.7,,,-
K5,72.09,35.27,B2,ULS2E,57.6,0.0,10.0,0.0,0.0,10.0,0.1,key shear,-
K5,72.09,35.27,B2,ULS3E,-12.4,0.0,10.0,0.0,0.0,10.0,0.13,anchor tension (cone governs),-
K5,72.09,35.27,B2,SLSWE,0.4,0.0,6.7,0.0,0.0,6.7,,,-
K5,72.09,35.27,B2,ULS2W,35.9,39.1,14.3,0.0,0.0,41.6,0.43,key shear,-
K5,72.09,35.27,B2,ULS3W,-42.1,39.1,14.3,0.0,0.0,41.6,0.43,key shear,-
K5,72.09,35.27,B2,SLSWW,-19.4,26.1,9.5,0.0,0.0,27.8,,,-
K5,72.09,35.27,B2,ULS4+x,18.9,34.0,0.0,0.0,0.0,34.0,0.35,key shear,-
K5,72.09,35.27,B2,ULS4+x (uplift side),-0.0,34.0,0.0,0.0,0.0,34.0,0.35,key shear,-
K5,72.09,35.27,B2,ULS4-x,37.8,0.0,0.0,0.0,0.0,0.0,0.04,bearing,-
K5,72.09,35.27,B2,ULS4-x (uplift side),18.9,0.0,0.0,0.0,0.0,0.0,0.02,bearing,-
K5,72.09,35.27,B2,ULS4+y,19.5,0.0,0.0,1.1,0.0,1.1,0.02,bearing,-
K5,72.09,35.27,B2,ULS4+y (uplift side),18.3,0.0,0.0,1.1,0.0,1.1,0.02,bearing,-
K5,72.09,35.27,B2,ULS4-y,19.5,0.0,0.0,1.1,0.0,1.1,0.02,bearing,-
K5,72.09,35.27,B2,ULS4-y (uplift side),18.3,0.0,0.0,1.1,0.0,1.1,0.02,bearing,-
K6,67.99,35.17,-,ULS1,25.2,0.0,0.0,0.0,0.0,0.0,0.03,bearing,-x
K6,67.99,35.17,-,SLS,18.1,0.0,0.0,0.0,0.0,0.0,,,-x
K6,67.99,35.17,-,ULS2N,22.7,-14.8,-6.9,0.0,0.0,16.3,0.25,edge shear -x (cage),-x
K6,67.99,35.17,-,ULS3N,-16.4,-14.8,-6.9,0.0,0.0,16.3,0.25,edge shear -x (cage),-x
K6,67.99,35.17,-,SLSWN,-5.4,-9.8,-4.6,0.0,0.0,10.9,,,-x
K6,67.99,35.17,-,ULS2S,22.7,-10.5,4.4,0.0,0.0,11.4,0.18,edge shear -x (cage),-x
K6,67.99,35.17,-,ULS3S,-4.8,-10.5,4.4,0.0,0.0,11.4,0.18,edge shear -x (cage),-x
K6,67.99,35.17,-,SLSWS,2.3,-7.0,2.9,0.0,0.0,7.6,,,-x
K6,67.99,35.17,-,ULS2E,22.7,-7.4,4.4,0.0,0.0,8.6,0.12,edge shear -x (cage),-x
K6,67.99,35.17,-,ULS3E,-0.3,-7.4,4.4,0.0,0.0,8.6,0.12,edge shear -x (cage),-x
K6,67.99,35.17,-,SLSWE,5.4,-4.9,2.9,0.0,0.0,5.7,,,-x
K6,67.99,35.17,-,ULS2W,22.7,11.6,8.8,0.0,0.0,14.6,0.15,key shear,-x
K6,67.99,35.17,-,ULS3W,-18.0,11.6,8.8,0.0,0.0,14.6,0.18,anchor tension (cone governs),-x
K6,67.99,35.17,-,SLSWW,-6.5,7.7,5.9,0.0,0.0,9.7,,,-x
K6,67.99,35.17,-,ULS4+x,13.5,0.0,0.0,0.0,0.0,0.0,0.01,bearing,-x
K6,67.99,35.17,-,ULS4+x (uplift side),13.5,0.0,0.0,0.0,0.0,0.0,0.01,bearing,-x
K6,67.99,35.17,-,ULS4-x,13.5,0.0,0.0,0.0,0.0,0.0,0.01,bearing,-x
K6,67.99,35.17,-,ULS4-x (uplift side),13.5,0.0,0.0,0.0,0.0,0.0,0.01,bearing,-x
K6,67.99,35.17,-,ULS4+y,13.5,0.0,0.0,0.0,0.0,0.0,0.01,bearing,-x
K6,67.99,35.17,-,ULS4+y (uplift side),13.5,0.0,0.0,0.0,0.0,0.0,0.01,bearing,-x
K6,67.99,35.17,-,ULS4-y,13.5,0.0,0.0,0.0,0.0,0.0,0.01,bearing,-x
K6,67.99,35.17,-,ULS4-y (uplift side),13.5,0.0,0.0,0.0,0.0,0.0,0.01,bearing,-x
K7,77.79,35.17,B2,ULS1,34.0,0.0,0.0,0.0,0.0,0.0,0.04,bearing,+x
K7,77.79,35.17,B2,SLS,24.4,0.0,0.0,0.0,0.0,0.0,,,+x
K7,77.79,35.17,B2,ULS2N,30.9,0.0,-15.8,1.2,0.0,15.8,0.17,key shear,+x
K7,77.79,35.17,B2,ULS3N,-18.7,0.0,-15.8,1.2,0.0,15.8,0.19,anchor tension (cone governs),+x
K7,77.79,35.17,B2,SLSWN,-5.1,0.0,-10.5,0.8,0.0,10.5,,,+x
K7,77.79,35.17,B2,ULS2S,31.1,0.0,10.0,1.5,0.0,10.1,0.11,key shear,+x
K7,77.79,35.17,B2,ULS3S,-12.3,0.0,10.0,1.5,0.0,10.1,0.13,anchor tension (cone governs),+x
K7,77.79,35.17,B2,SLSWS,-0.9,0.0,6.7,1.0,0.0,6.7,,,+x
K7,77.79,35.17,B2,ULS2E,30.3,-39.1,14.3,0.0,0.0,41.6,0.43,key shear,+x
K7,77.79,35.17,B2,ULS3E,-26.4,-39.1,14.3,0.0,0.0,41.6,0.43,key shear,+x
K7,77.79,35.17,B2,SLSWE,-10.3,-26.1,9.6,0.0,0.0,27.8,,,+x
K7,77.79,35.17,B2,ULS2W,52.0,0.0,14.3,0.0,0.0,14.3,0.15,key shear,+x
K7,77.79,35.17,B2,ULS3W,-6.8,0.0,14.3,0.0,0.0,14.3,0.15,key shear,+x
K7,77.79,35.17,B2,SLSWW,2.8,0.0,9.6,0.0,0.0,9.6,,,+x
K7,77.79,35.17,B2,ULS4+x,36.3,0.0,0.0,0.0,0.0,0.0,0.04,bearing,+x
K7,77.79,35.17,B2,ULS4+x (uplift side),17.4,0.0,0.0,0.0,0.0,0.0,0.02,bearing,+x
K7,77.79,35.17,B2,ULS4-x,17.4,-34.0,0.0,0.0,0.0,34.0,0.35,key shear,+x
K7,77.79,35.17,B2,ULS4-x (uplift side),-1.6,-34.0,0.0,0.0,0.0,34.0,0.35,key shear,+x
K7,77.79,35.17,B2,ULS4+y,18.0,0.0,0.0,1.1,0.0,1.1,0.02,bearing,+x
K7,77.79,35.17,B2,ULS4+y (uplift side),16.7,0.0,0.0,1.1,0.0,1.1,0.02,edge shear +x (cage),+x
K7,77.79,35.17,B2,ULS4-y,18.0,0.0,0.0,1.1,0.0,1.1,0.02,bearing,+x
K7,77.79,35.17,B2,ULS4-y (uplift side),16.7,0.0,0.0,1.1,0.0,1.1,0.02,edge shear +x (cage),+x
K8,67.99,29.37,-,ULS1,30.1,0.0,0.0,0.0,0.0,0.0,0.03,bearing,-x
K8,67.99,29.37,-,SLS,21.5,0.0,0.0,0.0,0.0,0.0,,,-x
K8,67.99,29.37,-,ULS2N,26.4,-14.4,0.0,0.0,0.0,14.4,0.24,edge shear -x (cage),-x
K8,67.99,29.37,-,ULS3N,-12.0,-14.4,0.0,0.0,0.0,14.4,0.24,edge shear -x (cage),-x
K8,67.99,29.37,-,SLSWN,-1.6,-9.6,0.0,0.0,0.0,9.6,,,-x
K8,67.99,29.37,-,ULS2S,26.4,-14.4,0.0,0.0,0.0,14.4,0.24,edge shear -x (cage),-x
K8,67.99,29.37,-,ULS3S,-11.1,-14.4,0.0,0.0,0.0,14.4,0.24,edge shear -x (cage),-x
K8,67.99,29.37,-,SLSWS,-1.0,-9.6,0.0,0.0,0.0,9.6,,,-x
K8,67.99,29.37,-,ULS2E,26.4,-10.1,0.0,0.0,0.0,10.1,0.17,edge shear -x (cage),-x
K8,67.99,29.37,-,ULS3E,-4.2,-10.1,0.0,0.0,0.0,10.1,0.17,edge shear -x (cage),-x
K8,67.99,29.37,-,SLSWE,3.6,-6.7,0.0,0.0,0.0,6.7,,,-x
K8,67.99,29.37,-,ULS2W,26.4,15.8,0.0,0.0,0.0,15.8,0.16,key shear,-x
K8,67.99,29.37,-,ULS3W,-26.4,15.8,0.0,0.0,0.0,15.8,0.27,anchor tension (cone governs),-x
K8,67.99,29.37,-,SLSWW,-11.2,10.5,0.0,0.0,0.0,10.5,,,-x
K8,67.99,29.37,-,ULS4+x,14.4,0.0,0.0,0.0,0.0,0.0,0.02,bearing,-x
K8,67.99,29.37,-,ULS4+x (uplift side),14.4,0.0,0.0,0.0,0.0,0.0,0.02,bearing,-x
K8,67.99,29.37,-,ULS4-x,14.4,0.0,0.0,0.0,0.0,0.0,0.02,bearing,-x
K8,67.99,29.37,-,ULS4-x (uplift side),14.4,0.0,0.0,0.0,0.0,0.0,0.02,bearing,-x
K8,67.99,29.37,-,ULS4+y,14.4,0.0,0.0,0.0,0.0,0.0,0.02,bearing,-x
K8,67.99,29.37,-,ULS4+y (uplift side),14.4,0.0,0.0,0.0,0.0,0.0,0.02,bearing,-x
K8,67.99,29.37,-,ULS4-y,14.4,0.0,0.0,0.0,0.0,0.0,0.02,bearing,-x
K8,67.99,29.37,-,ULS4-y (uplift side),14.4,0.0,0.0,0.0,0.0,0.0,0.02,bearing,-x
K9,72.09,29.27,-,ULS1,57.2,0.0,0.0,0.0,0.0,0.0,0.06,bearing,-
K9,72.09,29.27,-,SLS,40.1,0.0,0.0,0.0,0.0,0.0,,,-
K9,72.09,29.27,-,ULS2N,46.8,0.0,0.0,0.0,0.0,0.0,0.05,bearing,-
K9,72.09,29.27,-,ULS3N,-52.2,0.0,0.0,0.0,0.0,0.0,0.53,anchor tension (cone governs),-
K9,72.09,29.27,-,SLSWN,-23.6,0.0,0.0,0.0,0.0,0.0,,,-
K9,72.09,29.27,-,ULS2S,46.8,0.0,0.0,0.0,0.0,0.0,0.05,bearing,-
K9,72.09,29.27,-,ULS3S,-50.6,0.0,0.0,0.0,0.0,0.0,0.52,anchor tension (cone governs),-
K9,72.09,29.27,-,SLSWS,-22.5,0.0,0.0,0.0,0.0,0.0,,,-
K9,72.09,29.27,-,ULS2E,46.8,0.0,0.0,0.0,0.0,0.0,0.05,bearing,-
K9,72.09,29.27,-,ULS3E,-31.3,0.0,0.0,0.0,0.0,0.0,0.32,anchor tension (cone governs),-
K9,72.09,29.27,-,SLSWE,-9.7,0.0,0.0,0.0,0.0,0.0,,,-
K9,72.09,29.27,-,ULS2W,46.8,0.0,0.0,0.0,0.0,0.0,0.05,bearing,-
K9,72.09,29.27,-,ULS3W,-45.1,0.0,0.0,0.0,0.0,0.0,0.46,anchor tension (cone governs),-
K9,72.09,29.27,-,SLSWW,-18.9,0.0,0.0,0.0,0.0,0.0,,,-
K9,72.09,29.27,-,ULS4+x,20.4,0.0,0.0,0.0,0.0,0.0,0.02,bearing,-
K9,72.09,29.27,-,ULS4+x (uplift side),20.4,0.0,0.0,0.0,0.0,0.0,0.02,bearing,-
K9,72.09,29.27,-,ULS4-x,20.4,0.0,0.0,0.0,0.0,0.0,0.02,bearing,-
K9,72.09,29.27,-,ULS4-x (uplift side),20.4,0.0,0.0,0.0,0.0,0.0,0.02,bearing,-
K9,72.09,29.27,-,ULS4+y,20.4,0.0,0.0,0.0,0.0,0.0,0.02,bearing,-
K9,72.09,29.27,-,ULS4+y (uplift side),20.4,0.0,0.0,0.0,0.0,0.0,0.02,bearing,-
K9,72.09,29.27,-,ULS4-y,20.4,0.0,0.0,0.0,0.0,0.0,0.02,bearing,-
K9,72.09,29.27,-,ULS4-y (uplift side),20.4,0.0,0.0,0.0,0.0,0.0,0.02,bearing,-
K10,77.89,29.27,B8,ULS1,42.2,0.0,0.0,0.0,0.0,0.0,0.05,bearing,"+x,+y"
K10,77.89,29.27,B8,SLS,29.7,0.0,0.0,0.0,0.0,0.0,,,"+x,+y"
K10,77.89,29.27,B8,ULS2N,35.1,0.0,-33.2,0.0,0.0,33.2,0.35,key shear,"+x,+y"
K10,77.89,29.27,B8,ULS3N,-58.1,0.0,-33.2,0.0,0.0,33.2,0.59,anchor tension (cone governs),"+x,+y"
K10,77.89,29.27,B8,SLSWN,-30.3,0.0,-22.2,0.0,0.0,22.2,,,"+x,+y"
K10,77.89,29.27,B8,ULS2S,78.8,0.0,0.0,0.0,0.0,0.0,0.08,bearing,"+x,+y"
K10,77.89,29.27,B8,ULS3S,-32.3,0.0,0.0,0.0,0.0,0.0,0.33,anchor tension (cone governs),"+x,+y"
K10,77.89,29.27,B8,SLSWS,-13.1,0.0,0.0,0.0,0.0,0.0,,,"+x,+y"
K10,77.89,29.27,B8,ULS2E,42.8,0.0,0.0,0.0,10.2,10.2,0.17,edge shear +y (cage),"+x,+y"
K10,77.89,29.27,B8,ULS3E,-26.9,0.0,0.0,0.0,10.2,10.2,0.27,anchor tension (cone governs),"+x,+y"
K10,77.89,29.27,B8,SLSWE,-9.5,0.0,0.0,0.0,6.8,0.0,,,"+x,+y"
K10,77.89,29.27,B8,ULS2W,42.6,0.0,0.0,0.0,9.8,9.8,0.16,edge shear +y (cage),"+x,+y"
K10,77.89,29.27,B8,ULS3W,-30.1,0.0,0.0,0.0,9.8,9.8,0.31,anchor tension (cone governs),"+x,+y"
K10,77.89,29.27,B8,SLSWW,-11.6,0.0,0.0,0.0,6.5,0.0,,,"+x,+y"
K10,77.89,29.27,B8,ULS4+x,16.6,0.0,0.0,0.0,0.5,0.5,0.02,bearing,"+x,+y"
K10,77.89,29.27,B8,ULS4+x (uplift side),15.8,0.0,0.0,0.0,0.5,0.5,0.02,bearing,"+x,+y"
K10,77.89,29.27,B8,ULS4-x,16.6,0.0,0.0,0.0,0.5,0.5,0.02,bearing,"+x,+y"
K10,77.89,29.27,B8,ULS4-x (uplift side),15.8,0.0,0.0,0.0,0.5,0.5,0.02,bearing,"+x,+y"
K10,77.89,29.27,B8,ULS4+y,30.5,0.0,0.0,0.0,0.0,0.0,0.03,bearing,"+x,+y"
K10,77.89,29.27,B8,ULS4+y (uplift side),16.2,0.0,0.0,0.0,0.0,0.0,0.02,bearing,"+x,+y"
K10,77.89,29.27,B8,ULS4-y,16.2,0.0,-18.7,0.0,0.0,18.7,0.19,key shear,"+x,+y"
K10,77.89,29.27,B8,ULS4-y (uplift side),1.9,0.0,-18.7,0.0,0.0,18.7,0.19,key shear,"+x,+y"
K11,81.78,29.27,-,ULS1,43.6,0.0,0.0,0.0,0.0,0.0,0.05,bearing,+y
K11,81.78,29.27,-,SLS,30.8,0.0,0.0,0.0,0.0,0.0,,,+y
K11,81.78,29.27,-,ULS2N,36.3,0.0,0.0,0.0,0.0,0.0,0.04,bearing,+y
K11,81.78,29.27,-,ULS3N,-33.9,0.0,0.0,0.0,0.0,0.0,0.35,anchor tension (cone governs),+y
K11,81.78,29.27,-,SLSWN,-13.9,0.0,0.0,0.0,0.0,0.0,,,+y
K11,81.78,29.27,-,ULS2S,36.3,0.0,0.0,0.0,0.0,0.0,0.04,bearing,+y
K11,81.78,29.27,-,ULS3S,-33.5,0.0,0.0,0.0,0.0,0.0,0.34,anchor tension (cone governs),+y
K11,81.78,29.27,-,SLSWS,-13.6,0.0,0.0,0.0,0.0,0.0,,,+y
K11,81.78,29.27,-,ULS2E,36.3,0.0,0.0,0.0,0.0,0.0,0.04,bearing,+y
K11,81.78,29.27,-,ULS3E,-19.9,0.0,0.0,0.0,0.0,0.0,0.2,anchor tension (cone governs),+y
K11,81.78,29.27,-,SLSWE,-4.6,0.0,0.0,0.0,0.0,0.0,,,+y
K11,81.78,29.27,-,ULS2W,36.3,0.0,0.0,0.0,0.0,0.0,0.04,bearing,+y
K11,81.78,29.27,-,ULS3W,-19.6,0.0,0.0,0.0,0.0,0.0,0.2,anchor tension (cone governs),+y
K11,81.78,29.27,-,SLSWW,-4.3,0.0,0.0,0.0,0.0,0.0,,,+y
K11,81.78,29.27,-,ULS4+x,16.8,0.0,0.0,0.0,0.0,0.0,0.02,bearing,+y
K11,81.78,29.27,-,ULS4+x (uplift side),16.8,0.0,0.0,0.0,0.0,0.0,0.02,bearing,+y
K11,81.78,29.27,-,ULS4-x,16.8,0.0,0.0,0.0,0.0,0.0,0.02,bearing,+y
K11,81.78,29.27,-,ULS4-x (uplift side),16.8,0.0,0.0,0.0,0.0,0.0,0.02,bearing,+y
K11,81.78,29.27,-,ULS4+y,16.8,0.0,0.0,0.0,0.0,0.0,0.02,bearing,+y
K11,81.78,29.27,-,ULS4+y (uplift side),16.8,0.0,0.0,0.0,0.0,0.0,0.02,bearing,+y
K11,81.78,29.27,-,ULS4-y,16.8,0.0,0.0,0.0,0.0,0.0,0.02,bearing,+y
K11,81.78,29.27,-,ULS4-y (uplift side),16.8,0.0,0.0,0.0,0.0,0.0,0.02,bearing,+y
K12,87.19,29.27,-,ULS1,70.5,0.0,0.0,0.0,0.0,0.0,0.08,bearing,-
K12,87.19,29.27,-,SLS,49.5,0.0,0.0,0.0,0.0,0.0,,,-
K12,87.19,29.27,-,ULS2N,57.4,0.0,0.0,0.0,0.0,0.0,0.06,bearing,-
K12,87.19,29.27,-,ULS3N,-66.7,0.0,0.0,0.0,0.0,0.0,0.68,anchor tension (cone governs),-
K12,87.19,29.27,-,SLSWN,-30.7,0.0,0.0,0.0,0.0,0.0,,,-
K12,87.19,29.27,-,ULS2S,57.4,0.0,0.0,0.0,0.0,0.0,0.06,bearing,-
K12,87.19,29.27,-,ULS3S,-66.3,0.0,0.0,0.0,0.0,0.0,0.68,anchor tension (cone governs),-
K12,87.19,29.27,-,SLSWS,-30.5,0.0,0.0,0.0,0.0,0.0,,,-
K12,87.19,29.27,-,ULS2E,57.4,0.0,0.0,0.0,0.0,0.0,0.06,bearing,-
K12,87.19,29.27,-,ULS3E,-46.7,0.0,0.0,0.0,0.0,0.0,0.48,anchor tension (cone governs),-
K12,87.19,29.27,-,SLSWE,-17.4,0.0,0.0,0.0,0.0,0.0,,,-
K12,87.19,29.27,-,ULS2W,57.4,0.0,0.0,0.0,0.0,0.0,0.06,bearing,-
K12,87.19,29.27,-,ULS3W,-40.7,0.0,0.0,0.0,0.0,0.0,0.42,anchor tension (cone governs),-
K12,87.19,29.27,-,SLSWW,-13.4,0.0,0.0,0.0,0.0,0.0,,,-
K12,87.19,29.27,-,ULS4+x,24.5,0.0,0.0,0.0,0.0,0.0,0.03,bearing,-
K12,87.19,29.27,-,ULS4+x (uplift side),24.5,0.0,0.0,0.0,0.0,0.0,0.03,bearing,-
K12,87.19,29.27,-,ULS4-x,24.5,0.0,0.0,0.0,0.0,0.0,0.03,bearing,-
K12,87.19,29.27,-,ULS4-x (uplift side),24.5,0.0,0.0,0.0,0.0,0.0,0.03,bearing,-
K12,87.19,29.27,-,ULS4+y,24.5,0.0,0.0,0.0,0.0,0.0,0.03,bearing,-
K12,87.19,29.27,-,ULS4+y (uplift side),24.5,0.0,0.0,0.0,0.0,0.0,0.03,bearing,-
K12,87.19,29.27,-,ULS4-y,24.5,0.0,0.0,0.0,0.0,0.0,0.03,bearing,-
K12,87.19,29.27,-,ULS4-y (uplift side),24.5,0.0,0.0,0.0,0.0,0.0,0.03,bearing,-
K13,92.48,29.27,-,ULS1,55.7,0.0,0.0,0.0,0.0,0.0,0.06,bearing,-
K13,92.48,29.27,-,SLS,39.0,0.0,0.0,0.0,0.0,0.0,,,-
K13,92.48,29.27,-,ULS2N,45.3,0.0,0.0,0.0,0.0,0.0,0.05,bearing,-
K13,92.48,29.27,-,ULS3N,-54.0,0.0,0.0,0.0,0.0,0.0,0.55,anchor tension (cone governs),-
K13,92.48,29.27,-,SLSWN,-25.1,0.0,0.0,0.0,0.0,0.0,,,-
K13,92.48,29.27,-,ULS2S,45.3,0.0,0.0,0.0,0.0,0.0,0.05,bearing,-
K13,92.48,29.27,-,ULS3S,-53.2,0.0,0.0,0.0,0.0,0.0,0.54,anchor tension (cone governs),-
K13,92.48,29.27,-,SLSWS,-24.6,0.0,0.0,0.0,0.0,0.0,,,-
K13,92.48,29.27,-,ULS2E,45.3,0.0,0.0,0.0,0.0,0.0,0.05,bearing,-
K13,92.48,29.27,-,ULS3E,-49.8,0.0,0.0,0.0,0.0,0.0,0.51,anchor tension (cone governs),-
K13,92.48,29.27,-,SLSWE,-22.4,0.0,0.0,0.0,0.0,0.0,,,-
K13,92.48,29.27,-,ULS2W,45.3,0.0,0.0,0.0,0.0,0.0,0.05,bearing,-
K13,92.48,29.27,-,ULS3W,-32.0,0.0,0.0,0.0,0.0,0.0,0.33,anchor tension (cone governs),-
K13,92.48,29.27,-,SLSWW,-10.5,0.0,0.0,0.0,0.0,0.0,,,-
K13,92.48,29.27,-,ULS4+x,19.4,0.0,0.0,0.0,0.0,0.0,0.02,bearing,-
K13,92.48,29.27,-,ULS4+x (uplift side),19.4,0.0,0.0,0.0,0.0,0.0,0.02,bearing,-
K13,92.48,29.27,-,ULS4-x,19.4,0.0,0.0,0.0,0.0,0.0,0.02,bearing,-
K13,92.48,29.27,-,ULS4-x (uplift side),19.4,0.0,0.0,0.0,0.0,0.0,0.02,bearing,-
K13,92.48,29.27,-,ULS4+y,19.4,0.0,0.0,0.0,0.0,0.0,0.02,bearing,-
K13,92.48,29.27,-,ULS4+y (uplift side),19.4,0.0,0.0,0.0,0.0,0.0,0.02,bearing,-
K13,92.48,29.27,-,ULS4-y,19.4,0.0,0.0,0.0,0.0,0.0,0.02,bearing,-
K13,92.48,29.27,-,ULS4-y (uplift side),19.4,0.0,0.0,0.0,0.0,0.0,0.02,bearing,-
K14,95.48,29.27,B6,ULS1,27.2,0.0,0.0,0.0,0.0,0.0,0.03,bearing,+x
K14,95.48,29.27,B6,SLS,19.6,0.0,0.0,0.0,0.0,0.0,,,+x
K14,95.48,29.27,B6,ULS2N,24.3,18.3,-24.8,0.0,0.0,30.8,0.32,key shear,+x
K14,95.48,29.27,B6,ULS3N,-26.4,18.3,-24.8,0.0,0.0,30.8,0.32,key shear,+x
K14,95.48,29.27,B6,SLSWN,-11.7,12.2,-16.5,0.0,0.0,20.6,,,+x
K14,95.48,29.27,B6,ULS2S,56.7,18.3,0.0,0.0,0.0,18.3,0.31,edge shear +x (cage),+x
K14,95.48,29.27,B6,ULS3S,-6.3,18.3,0.0,0.0,0.0,18.3,0.31,edge shear +x (cage),+x
K14,95.48,29.27,B6,SLSWS,1.7,12.2,0.0,0.0,0.0,12.2,,,+x
K14,95.48,29.27,B6,ULS2E,31.4,-20.2,0.0,0.0,9.3,22.2,0.23,key shear,+x
K14,95.48,29.27,B6,ULS3E,-30.1,-20.2,0.0,0.0,9.3,22.2,0.31,anchor tension (cone governs),+x
K14,95.48,29.27,B6,SLSWE,-14.2,-13.4,0.0,0.0,6.2,13.4,,,+x
K14,95.48,29.27,B6,ULS2W,33.2,12.8,0.0,0.0,11.7,17.4,0.21,edge shear +x (cage),+x
K14,95.48,29.27,B6,ULS3W,-9.7,12.8,0.0,0.0,11.7,17.4,0.21,edge shear +x (cage),+x
K14,95.48,29.27,B6,SLSWW,-0.6,8.6,0.0,0.0,7.8,8.6,,,+x
K14,95.48,29.27,B6,ULS4+x,15.9,0.0,0.0,0.0,2.6,2.6,0.03,key shear,+x
K14,95.48,29.27,B6,ULS4+x (uplift side),11.9,0.0,0.0,0.0,2.6,2.6,0.03,key shear,+x
K14,95.48,29.27,B6,ULS4-x,15.9,0.0,0.0,0.0,2.6,2.6,0.03,key shear,+x
K14,95.48,29.27,B6,ULS4-x (uplift side),11.9,0.0,0.0,0.0,2.6,2.6,0.03,key shear,+x
K14,95.48,29.27,B6,ULS4+y,25.9,0.0,0.0,0.0,0.0,0.0,0.03,bearing,+x
K14,95.48,29.27,B6,ULS4+y (uplift side),13.9,0.0,0.0,0.0,0.0,0.0,0.01,bearing,+x
K14,95.48,29.27,B6,ULS4-y,13.9,0.0,-15.7,0.0,0.0,15.7,0.16,key shear,+x
K14,95.48,29.27,B6,ULS4-y (uplift side),1.9,0.0,-15.7,0.0,0.0,15.7,0.16,key shear,+x
K15,67.99,26.37,B5,ULS1,15.7,0.0,0.0,0.0,0.0,0.0,0.02,bearing,-x
K15,67.99,26.37,B5,SLS,11.3,0.0,0.0,0.0,0.0,0.0,,,-x
K15,67.99,26.37,B5,ULS2N,14.3,-13.1,-19.5,0.0,0.0,23.5,0.25,key shear,-x
K15,67.99,26.37,B5,ULS3N,-16.7,-13.1,-19.5,0.0,0.0,23.5,0.25,key shear,-x
K15,67.99,26.37,B5,SLSWN,-7.7,-8.7,-13.0,0.0,0.0,15.7,,,-x
K15,67.99,26.37,B5,ULS2S,43.6,-13.1,0.0,0.0,0.0,13.1,0.22,edge shear -x (cage),-x
K15,67.99,26.37,B5,ULS3S,-0.5,-13.1,0.0,0.0,0.0,13.1,0.22,edge shear -x (cage),-x
K15,67.99,26.37,B5,SLSWS,3.2,-8.7,0.0,0.0,0.0,8.7,,,-x
K15,67.99,26.37,B5,ULS2E,22.8,-9.2,0.0,0.0,10.3,13.8,0.15,edge shear -x (cage),-x
K15,67.99,26.37,B5,ULS3E,-6.5,-9.2,0.0,0.0,10.3,13.8,0.15,edge shear -x (cage),-x
K15,67.99,26.37,B5,SLSWE,-0.8,-6.1,0.0,0.0,6.8,6.1,,,-x
K15,67.99,26.37,B5,ULS2W,20.9,14.4,0.0,0.0,7.9,16.4,0.17,key shear,-x
K15,67.99,26.37,B5,ULS3W,-15.3,14.4,0.0,0.0,7.9,16.4,0.17,key shear,-x
K15,67.99,26.37,B5,SLSWW,-6.7,9.6,0.0,0.0,5.2,9.6,,,-x
K15,67.99,26.37,B5,ULS4+x,10.5,0.0,0.0,0.0,2.1,2.1,0.02,key shear,-x
K15,67.99,26.37,B5,ULS4+x (uplift side),7.0,0.0,0.0,0.0,2.1,2.1,0.02,key shear,-x
K15,67.99,26.37,B5,ULS4-x,10.5,0.0,0.0,0.0,2.1,2.1,0.02,key shear,-x
K15,67.99,26.37,B5,ULS4-x (uplift side),7.0,0.0,0.0,0.0,2.1,2.1,0.02,key shear,-x
K15,67.99,26.37,B5,ULS4+y,20.1,0.0,0.0,0.0,0.0,0.0,0.02,bearing,-x
K15,67.99,26.37,B5,ULS4+y (uplift side),8.7,0.0,0.0,0.0,0.0,0.0,0.01,bearing,-x
K15,67.99,26.37,B5,ULS4-y,8.7,0.0,-13.7,0.0,0.0,13.7,0.14,key shear,-x
K15,67.99,26.37,B5,ULS4-y (uplift side),-2.6,0.0,-13.7,0.0,0.0,13.7,0.14,key shear,-x
K16,77.78,24.46,B8,ULS1,21.9,0.0,0.0,0.0,0.0,0.0,0.02,bearing,+x
K16,77.78,24.46,B8,SLS,15.5,0.0,0.0,0.0,0.0,0.0,,,+x
K16,77.78,24.46,B8,ULS2N,43.8,0.0,0.0,0.0,0.0,0.0,0.05,bearing,+x
K16,77.78,24.46,B8,ULS3N,-14.7,0.0,0.0,0.0,0.0,0.0,0.15,anchor tension (cone governs),+x
K16,77.78,24.46,B8,SLSWN,-5.4,0.0,0.0,0.0,0.0,0.0,,,+x
K16,77.78,24.46,B8,ULS2S,18.4,0.0,57.3,0.0,0.0,57.3,0.6,key shear,+x
K16,77.78,24.46,B8,ULS3S,-58.4,0.0,57.3,0.0,0.0,57.3,0.6,key shear,+x
K16,77.78,24.46,B8,SLSWS,-34.5,0.0,38.2,0.0,0.0,38.2,,,+x
K16,77.78,24.46,B8,ULS2E,26.2,0.0,0.0,0.0,10.2,10.2,0.11,key shear,+x
K16,77.78,24.46,B8,ULS3E,-16.0,0.0,0.0,0.0,10.2,10.2,0.16,anchor tension (cone governs),+x
K16,77.78,24.46,B8,SLSWE,-6.3,0.0,0.0,0.0,6.8,0.0,,,+x
K16,77.78,24.46,B8,ULS2W,25.9,0.0,0.0,0.0,9.8,9.8,0.1,key shear,+x
K16,77.78,24.46,B8,ULS3W,-16.9,0.0,0.0,0.0,9.8,9.8,0.17,anchor tension (cone governs),+x
K16,77.78,24.46,B8,SLSWW,-6.8,0.0,0.0,0.0,6.5,0.0,,,+x
K16,77.78,24.46,B8,ULS4+x,9.3,0.0,0.0,0.0,0.5,0.5,0.01,bearing,+x
K16,77.78,24.46,B8,ULS4+x (uplift side),8.5,0.0,0.0,0.0,0.5,0.5,0.01,bearing,+x
K16,77.78,24.46,B8,ULS4-x,9.3,0.0,0.0,0.0,0.5,0.5,0.01,bearing,+x
K16,77.78,24.46,B8,ULS4-x (uplift side),8.5,0.0,0.0,0.0,0.5,0.5,0.01,bearing,+x
K16,77.78,24.46,B8,ULS4+y,8.9,0.0,18.7,0.0,0.0,18.7,0.19,key shear,+x
K16,77.78,24.46,B8,ULS4+y (uplift side),-5.4,0.0,18.7,0.0,0.0,18.7,0.19,key shear,+x
K16,77.78,24.46,B8,ULS4-y,23.2,0.0,0.0,0.0,0.0,0.0,0.02,bearing,+x
K16,77.78,24.46,B8,ULS4-y (uplift side),8.9,0.0,0.0,0.0,0.0,0.0,0.01,bearing,+x
K17,81.89,24.46,-,ULS1,23.2,0.0,0.0,0.0,0.0,0.0,0.02,bearing,-
K17,81.89,24.46,-,SLS,16.5,0.0,0.0,0.0,0.0,0.0,,,-
K17,81.89,24.46,-,ULS2N,19.7,0.0,0.0,0.0,0.0,0.0,0.02,bearing,-
K17,81.89,24.46,-,ULS3N,-14.7,0.0,0.0,0.0,0.0,0.0,0.15,anchor tension (cone governs),-
K17,81.89,24.46,-,SLSWN,-5.0,0.0,0.0,0.0,0.0,0.0,,,-
K17,81.89,24.46,-,ULS2S,19.7,0.0,0.0,0.0,0.0,0.0,0.02,bearing,-
K17,81.89,24.46,-,ULS3S,-15.7,0.0,0.0,0.0,0.0,0.0,0.16,anchor tension (cone governs),-
K17,81.89,24.46,-,SLSWS,-5.7,0.0,0.0,0.0,0.0,0.0,,,-
K17,81.89,24.46,-,ULS2E,19.7,0.0,0.0,0.0,0.0,0.0,0.02,bearing,-
K17,81.89,24.46,-,ULS3E,-8.0,0.0,0.0,0.0,0.0,0.0,0.08,anchor tension (cone governs),-
K17,81.89,24.46,-,SLSWE,-0.6,0.0,0.0,0.0,0.0,0.0,,,-
K17,81.89,24.46,-,ULS2W,19.7,0.0,0.0,0.0,0.0,0.0,0.02,bearing,-
K17,81.89,24.46,-,ULS3W,-8.0,0.0,0.0,0.0,0.0,0.0,0.08,anchor tension (cone governs),-
K17,81.89,24.46,-,SLSWW,-0.6,0.0,0.0,0.0,0.0,0.0,,,-
K17,81.89,24.46,-,ULS4+x,9.7,0.0,0.0,0.0,0.0,0.0,0.01,bearing,-
K17,81.89,24.46,-,ULS4+x (uplift side),9.7,0.0,0.0,0.0,0.0,0.0,0.01,bearing,-
K17,81.89,24.46,-,ULS4-x,9.7,0.0,0.0,0.0,0.0,0.0,0.01,bearing,-
K17,81.89,24.46,-,ULS4-x (uplift side),9.7,0.0,0.0,0.0,0.0,0.0,0.01,bearing,-
K17,81.89,24.46,-,ULS4+y,9.7,0.0,0.0,0.0,0.0,0.0,0.01,bearing,-
K17,81.89,24.46,-,ULS4+y (uplift side),9.7,0.0,0.0,0.0,0.0,0.0,0.01,bearing,-
K17,81.89,24.46,-,ULS4-y,9.7,0.0,0.0,0.0,0.0,0.0,0.01,bearing,-
K17,81.89,24.46,-,ULS4-y (uplift side),9.7,0.0,0.0,0.0,0.0,0.0,0.01,bearing,-
K18,95.59,24.46,"B6,B9",ULS1,22.4,0.0,0.0,0.0,0.0,0.0,0.02,bearing,+x
K18,95.59,24.46,"B6,B9",SLS,16.1,0.0,0.0,0.0,0.0,0.0,,,+x
K18,95.59,24.46,"B6,B9",ULS2N,38.9,16.3,-22.2,0.0,0.0,27.6,0.29,key shear,+x
K18,95.59,24.46,"B6,B9",ULS3N,-25.1,16.3,-22.2,0.0,0.0,27.6,0.29,key shear,+x
K18,95.59,24.46,"B6,B9",SLSWN,-11.9,10.9,-14.8,0.0,0.0,18.4,,,+x
K18,95.59,24.46,"B6,B9",ULS2S,54.2,16.3,42.4,0.0,0.0,45.5,0.47,key shear,+x
K18,95.59,24.46,"B6,B9",ULS3S,-39.5,16.3,42.4,0.0,0.0,45.5,0.47,key shear,+x
K18,95.59,24.46,"B6,B9",SLSWS,-21.5,10.9,28.3,0.0,0.0,30.3,,,+x
K18,95.59,24.46,"B6,B9",ULS2E,34.6,-18.0,0.0,0.0,17.6,25.2,0.26,key shear,+x
K18,95.59,24.46,"B6,B9",ULS3E,-34.4,-18.0,0.0,0.0,17.6,25.2,0.35,anchor tension (cone governs),+x
K18,95.59,24.46,"B6,B9",SLSWE,-18.1,-12.0,0.0,0.0,11.7,12.0,,,+x
K18,95.59,24.46,"B6,B9",ULS2W,38.3,11.4,0.0,0.0,22.2,25.0,0.26,key shear,+x
K18,95.59,24.46,"B6,B9",ULS3W,-18.9,11.4,0.0,0.0,22.2,25.0,0.26,key shear,+x
K18,95.59,24.46,"B6,B9",SLSWW,-7.8,7.6,0.0,0.0,14.8,7.6,,,+x
K18,95.59,24.46,"B6,B9",ULS4+x,15.6,0.0,0.0,0.0,5.0,5.0,0.05,key shear,+x
K18,95.59,24.46,"B6,B9",ULS4+x (uplift side),7.4,0.0,0.0,0.0,5.0,5.0,0.05,key shear,+x
K18,95.59,24.46,"B6,B9",ULS4-x,15.6,0.0,0.0,0.0,5.0,5.0,0.05,key shear,+x
K18,95.59,24.46,"B6,B9",ULS4-x (uplift side),7.4,0.0,0.0,0.0,5.0,5.0,0.05,key shear,+x
K18,95.59,24.46,"B6,B9",ULS4+y,24.2,0.0,15.7,0.0,0.0,15.7,0.16,key shear,+x
K18,95.59,24.46,"B6,B9",ULS4+y (uplift side),-0.5,0.0,15.7,0.0,0.0,15.7,0.16,key shear,+x
K18,95.59,24.46,"B6,B9",ULS4-y,23.5,0.0,-14.1,0.0,0.0,14.1,0.15,key shear,+x
K18,95.59,24.46,"B6,B9",ULS4-y (uplift side),-1.2,0.0,-14.1,0.0,0.0,14.1,0.15,key shear,+x
K19,67.99,21.76,"B5,B10",ULS1,66.6,0.0,0.0,0.0,0.0,0.0,0.07,bearing,-x
K19,67.99,21.76,"B5,B10",SLS,47.2,0.0,0.0,0.0,0.0,0.0,,,-x
K19,67.99,21.76,"B5,B10",ULS2N,72.8,-19.5,-18.4,0.0,0.0,26.8,0.32,edge shear -x (cage),-x
K19,67.99,21.76,"B5,B10",ULS3N,-53.3,-19.5,-18.4,0.0,0.0,26.8,0.54,anchor tension (cone governs),-x
K19,67.99,21.76,"B5,B10",SLSWN,-21.9,-13.0,-12.3,0.0,0.0,17.9,,,-x
K19,67.99,21.76,"B5,B10",ULS2S,79.9,-19.5,35.1,0.0,0.0,40.2,0.42,key shear,-x
K19,67.99,21.76,"B5,B10",ULS3S,-73.1,-19.5,35.1,0.0,0.0,40.2,0.75,anchor tension (cone governs),-x
K19,67.99,21.76,"B5,B10",SLSWS,-35.1,-13.0,23.4,0.0,0.0,26.8,,,-x
K19,67.99,21.76,"B5,B10",ULS2E,71.9,-13.6,0.0,0.0,19.9,24.1,0.25,key shear,-x
K19,67.99,21.76,"B5,B10",ULS3E,-39.2,-13.6,0.0,0.0,19.9,24.1,0.4,anchor tension (cone governs),-x
K19,67.99,21.76,"B5,B10",SLSWE,-12.5,-9.1,0.0,0.0,13.3,9.1,,,-x
K19,67.99,21.76,"B5,B10",ULS2W,68.3,21.4,0.0,0.0,15.3,26.3,0.27,key shear,-x
K19,67.99,21.76,"B5,B10",ULS3W,-66.4,21.4,0.0,0.0,15.3,26.3,0.68,anchor tension (cone governs),-x
K19,67.99,21.76,"B5,B10",SLSWW,-30.7,14.3,0.0,0.0,10.2,14.3,,,-x
K19,67.99,21.76,"B5,B10",ULS4+x,31.2,0.0,0.0,0.0,4.1,4.1,0.04,key shear,-x
K19,67.99,21.76,"B5,B10",ULS4+x (uplift side),25.0,0.0,0.0,0.0,4.1,4.1,0.04,key shear,-x
K19,67.99,21.76,"B5,B10",ULS4-x,31.2,0.0,0.0,0.0,4.1,4.1,0.04,key shear,-x
K19,67.99,21.76,"B5,B10",ULS4-x (uplift side),25.0,0.0,0.0,0.0,4.1,4.1,0.04,key shear,-x
K19,67.99,21.76,"B5,B10",ULS4+y,37.2,0.0,13.7,0.0,0.0,13.7,0.14,key shear,-x
K19,67.99,21.76,"B5,B10",ULS4+y (uplift side),16.7,0.0,13.7,0.0,0.0,13.7,0.14,key shear,-x
K19,67.99,21.76,"B5,B10",ULS4-y,39.5,0.0,-12.9,0.0,0.0,12.9,0.13,key shear,-x
K19,67.99,21.76,"B5,B10",ULS4-y (uplift side),19.0,0.0,-12.9,0.0,0.0,12.9,0.13,key shear,-x
K20,77.78,21.76,B7,ULS1,55.9,0.0,0.0,0.0,0.0,0.0,0.06,bearing,+x
K20,77.78,21.76,B7,SLS,39.4,0.0,0.0,0.0,0.0,0.0,,,+x
K20,77.78,21.76,B7,ULS2N,46.4,0.0,-29.5,0.0,0.0,29.5,0.31,key shear,+x
K20,77.78,21.76,B7,ULS3N,-64.0,0.0,-29.5,0.0,0.0,29.5,0.65,anchor tension (cone governs),+x
K20,77.78,21.76,B7,SLSWN,-31.5,0.0,-19.7,0.0,0.0,19.7,,,+x
K20,77.78,21.76,B7,ULS2S,82.3,0.0,0.0,0.0,0.0,0.0,0.09,bearing,+x
K20,77.78,21.76,B7,ULS3S,-47.5,0.0,0.0,0.0,0.0,0.0,0.48,anchor tension (cone governs),+x
K20,77.78,21.76,B7,SLSWS,-20.5,0.0,0.0,0.0,0.0,0.0,,,+x
K20,77.78,21.76,B7,ULS2E,52.8,0.0,0.0,0.0,9.0,9.0,0.09,key shear,+x
K20,77.78,21.76,B7,ULS3E,-40.9,0.0,0.0,0.0,9.0,9.0,0.42,anchor tension (cone governs),+x
K20,77.78,21.76,B7,SLSWE,-16.1,0.0,0.0,0.0,6.0,0.0,,,+x
K20,77.78,21.76,B7,ULS2W,52.6,0.0,0.0,0.0,8.7,8.7,0.09,key shear,+x
K20,77.78,21.76,B7,ULS3W,-40.7,0.0,0.0,0.0,8.7,8.7,0.41,anchor tension (cone governs),+x
K20,77.78,21.76,B7,SLSWW,-16.0,0.0,0.0,0.0,5.8,0.0,,,+x
K20,77.78,21.76,B7,ULS4+x,21.7,0.0,0.0,0.0,0.4,0.4,0.02,bearing,+x
K20,77.78,21.76,B7,ULS4+x (uplift side),21.1,0.0,0.0,0.0,0.4,0.4,0.02,bearing,+x
K20,77.78,21.76,B7,ULS4-x,21.7,0.0,0.0,0.0,0.4,0.4,0.02,bearing,+x
K20,77.78,21.76,B7,ULS4-x (uplift side),21.1,0.0,0.0,0.0,0.4,0.4,0.02,bearing,+x
K20,77.78,21.76,B7,ULS4+y,33.1,0.0,0.0,0.0,0.0,0.0,0.04,bearing,+x
K20,77.78,21.76,B7,ULS4+y (uplift side),21.4,0.0,0.0,0.0,0.0,0.0,0.02,bearing,+x
K20,77.78,21.76,B7,ULS4-y,21.4,0.0,-16.6,0.0,0.0,16.6,0.17,key shear,+x
K20,77.78,21.76,B7,ULS4-y (uplift side),9.7,0.0,-16.6,0.0,0.0,16.6,0.17,key shear,+x
K21,81.79,20.07,-,ULS1,39.8,0.0,0.0,0.0,0.0,0.0,0.04,bearing,"+y,-y"
K21,81.79,20.07,-,SLS,28.6,0.0,0.0,0.0,0.0,0.0,,,"+y,-y"
K21,81.79,20.07,-,ULS2N,35.4,0.0,-14.7,0.0,0.0,14.7,0.24,edge shear -y (cage),"+y,-y"
K21,81.79,20.07,-,ULS3N,-10.1,0.0,-14.7,0.0,0.0,14.7,0.24,edge shear -y (cage),"+y,-y"
K21,81.79,20.07,-,SLSWN,1.9,0.0,-9.8,0.0,0.0,9.8,,,"+y,-y"
K21,81.79,20.07,-,ULS2S,35.4,0.0,23.0,0.0,0.0,23.0,0.38,edge shear +y (cage),"+y,-y"
K21,81.79,20.07,-,ULS3S,-19.8,0.0,23.0,0.0,0.0,23.0,0.38,edge shear +y (cage),"+y,-y"
K21,81.79,20.07,-,SLSWS,-4.6,0.0,15.4,0.0,0.0,15.4,,,"+y,-y"
K21,81.79,20.07,-,ULS2E,35.4,0.0,-20.9,0.0,0.0,20.9,0.35,edge shear -y (cage),"+y,-y"
K21,81.79,20.07,-,ULS3E,-2.6,0.0,-20.9,0.0,0.0,20.9,0.35,edge shear -y (cage),"+y,-y"
K21,81.79,20.07,-,SLSWE,6.8,0.0,-14.0,0.0,0.0,14.0,,,"+y,-y"
K21,81.79,20.07,-,ULS2W,35.4,0.0,-29.3,0.0,0.0,29.3,0.49,edge shear -y (cage),"+y,-y"
K21,81.79,20.07,-,ULS3W,-1.8,0.0,-29.3,0.0,0.0,29.3,0.49,edge shear -y (cage),"+y,-y"
K21,81.79,20.07,-,SLSWW,7.4,0.0,-19.5,0.0,0.0,19.5,,,"+y,-y"
K21,81.79,20.07,-,ULS4+x,20.1,0.0,0.0,0.0,0.0,0.0,0.02,bearing,"+y,-y"
K21,81.79,20.07,-,ULS4+x (uplift side),20.1,0.0,0.0,0.0,0.0,0.0,0.02,bearing,"+y,-y"
K21,81.79,20.07,-,ULS4-x,20.1,0.0,0.0,0.0,0.0,0.0,0.02,bearing,"+y,-y"
K21,81.79,20.07,-,ULS4-x (uplift side),20.1,0.0,0.0,0.0,0.0,0.0,0.02,bearing,"+y,-y"
K21,81.79,20.07,-,ULS4+y,20.1,0.0,0.0,0.0,0.0,0.0,0.02,bearing,"+y,-y"
K21,81.79,20.07,-,ULS4+y (uplift side),20.1,0.0,0.0,0.0,0.0,0.0,0.02,bearing,"+y,-y"
K21,81.79,20.07,-,ULS4-y,20.1,0.0,0.0,0.0,0.0,0.0,0.02,bearing,"+y,-y"
K21,81.79,20.07,-,ULS4-y (uplift side),20.1,0.0,0.0,0.0,0.0,0.0,0.02,bearing,"+y,-y"
K22,88.88,20.07,B3,ULS1,67.5,0.0,0.0,0.0,0.0,0.0,0.07,bearing,-y
K22,88.88,20.07,B3,SLS,48.0,0.0,0.0,0.0,0.0,0.0,,,-y
K22,88.88,20.07,B3,ULS2N,58.4,0.0,-18.3,1.1,0.0,18.3,0.3,edge shear -y (cage),-y
K22,88.88,20.07,B3,ULS3N,-38.0,0.0,-18.3,1.1,0.0,18.3,0.39,anchor tension (cone governs),-y
K22,88.88,20.07,B3,SLSWN,-11.4,0.0,-12.2,0.7,0.0,12.2,,,-y
K22,88.88,20.07,B3,ULS2S,58.6,0.0,28.7,1.4,0.0,28.7,0.3,key shear,-y
K22,88.88,20.07,B3,ULS3S,-56.3,0.0,28.7,1.4,0.0,28.7,0.57,anchor tension (cone governs),-y
K22,88.88,20.07,B3,SLSWS,-23.6,0.0,19.1,0.9,0.0,19.1,,,-y
K22,88.88,20.07,B3,ULS2E,90.6,0.0,-26.1,0.0,0.0,26.1,0.44,edge shear -y (cage),-y
K22,88.88,20.07,B3,ULS3E,-27.7,0.0,-26.1,0.0,0.0,26.1,0.44,edge shear -y (cage),-y
K22,88.88,20.07,B3,SLSWE,-4.5,0.0,-17.4,0.0,0.0,17.4,,,-y
K22,88.88,20.07,B3,ULS2W,57.8,52.9,-26.1,0.0,0.0,59.0,0.62,key shear,-y
K22,88.88,20.07,B3,ULS3W,-51.8,52.9,-26.1,0.0,0.0,59.0,0.62,key shear,-y
K22,88.88,20.07,B3,SLSWW,-20.6,35.3,-17.4,0.0,0.0,39.3,,,-y
K22,88.88,20.07,B3,ULS4+x,29.4,37.0,0.0,0.0,0.0,37.0,0.39,key shear,-y
K22,88.88,20.07,B3,ULS4+x (uplift side),6.5,37.0,0.0,0.0,0.0,37.0,0.39,key shear,-y
K22,88.88,20.07,B3,ULS4-x,52.2,0.0,0.0,0.0,0.0,0.0,0.06,bearing,-y
K22,88.88,20.07,B3,ULS4-x (uplift side),29.4,0.0,0.0,0.0,0.0,0.0,0.03,bearing,-y
K22,88.88,20.07,B3,ULS4+y,30.0,0.0,0.0,1.0,0.0,1.0,0.03,bearing,-y
K22,88.88,20.07,B3,ULS4+y (uplift side),28.7,0.0,0.0,1.0,0.0,1.0,0.03,bearing,-y
K22,88.88,20.07,B3,ULS4-y,30.0,0.0,0.0,1.0,0.0,1.0,0.03,bearing,-y
K22,88.88,20.07,B3,ULS4-y (uplift side),28.7,0.0,0.0,1.0,0.0,1.0,0.03,bearing,-y
K23,95.49,20.07,"B3,B9",ULS1,35.1,0.0,0.0,0.0,0.0,0.0,0.04,bearing,"+x,-y"
K23,95.49,20.07,"B3,B9",SLS,25.2,0.0,0.0,0.0,0.0,0.0,,,"+x,-y"
K23,95.49,20.07,"B3,B9",ULS2N,51.7,8.7,-9.3,1.1,0.0,13.6,0.16,edge shear +x (cage),"+x,-y"
K23,95.49,20.07,"B3,B9",ULS3N,-11.0,8.7,-9.3,1.1,0.0,13.6,0.16,edge shear +x (cage),"+x,-y"
K23,95.49,20.07,"B3,B9",SLSWN,0.2,5.8,-6.2,0.7,0.0,8.5,,,"+x,-y"
K23,95.49,20.07,"B3,B9",ULS2S,31.9,12.2,52.7,1.4,0.0,54.5,0.57,key shear,"+x,-y"
K23,95.49,20.07,"B3,B9",ULS3S,-62.1,12.2,52.7,1.4,0.0,54.5,0.63,anchor tension (cone governs),"+x,-y"
K23,95.49,20.07,"B3,B9",SLSWS,-33.8,8.2,35.2,0.9,0.0,36.1,,,"+x,-y"
K23,95.49,20.07,"B3,B9",ULS2E,38.6,-62.8,-18.7,0.0,8.3,68.4,0.71,key shear,"+x,-y"
K23,95.49,20.07,"B3,B9",ULS3E,-59.3,-62.8,-18.7,0.0,8.3,68.4,0.71,key shear,"+x,-y"
K23,95.49,20.07,"B3,B9",SLSWE,-32.0,-41.9,-12.5,0.0,5.6,43.7,,,"+x,-y"
K23,95.49,20.07,"B3,B9",ULS2W,73.2,6.1,-13.4,0.0,10.5,24.6,0.4,edge shear -y (cage),"+x,-y"
K23,95.49,20.07,"B3,B9",ULS3W,-12.2,6.1,-13.4,0.0,10.5,24.6,0.4,edge shear -y (cage),"+x,-y"
K23,95.49,20.07,"B3,B9",SLSWW,-0.6,4.1,-8.9,0.0,7.0,9.8,,,"+x,-y"
K23,95.49,20.07,"B3,B9",ULS4+x,42.4,0.0,0.0,0.0,2.4,2.4,0.05,bearing,"+x,-y"
K23,95.49,20.07,"B3,B9",ULS4+x (uplift side),15.3,0.0,0.0,0.0,2.4,2.4,0.04,edge shear -y (cage),"+x,-y"
K23,95.49,20.07,"B3,B9",ULS4-x,19.5,-37.0,0.0,0.0,2.4,37.1,0.39,key shear,"+x,-y"
K23,95.49,20.07,"B3,B9",ULS4-x (uplift side),-7.5,-37.0,0.0,0.0,2.4,37.1,0.39,key shear,"+x,-y"
K23,95.49,20.07,"B3,B9",ULS4+y,18.1,0.0,14.1,1.0,0.0,14.1,0.15,key shear,"+x,-y"
K23,95.49,20.07,"B3,B9",ULS4+y (uplift side),4.1,0.0,14.1,1.0,0.0,14.1,0.15,key shear,"+x,-y"
K23,95.49,20.07,"B3,B9",ULS4-y,30.7,0.0,0.0,1.0,0.0,1.0,0.03,bearing,"+x,-y"
K23,95.49,20.07,"B3,B9",ULS4-y (uplift side),16.8,0.0,0.0,1.0,0.0,1.0,0.02,bearing,"+x,-y"
K24,74.89,15.97,-,ULS1,23.9,0.0,0.0,0.0,0.0,0.0,0.03,bearing,-
K24,74.89,15.97,-,SLS,17.1,0.0,0.0,0.0,0.0,0.0,,,-
K24,74.89,15.97,-,ULS2N,20.9,0.0,-8.2,0.0,0.0,8.2,0.09,key shear,-
K24,74.89,15.97,-,ULS3N,-8.7,0.0,-8.2,0.0,0.0,8.2,0.09,anchor tension (cone governs),-
K24,74.89,15.97,-,SLSWN,-0.8,0.0,-5.5,0.0,0.0,5.5,,,-
K24,74.89,15.97,-,ULS2S,20.9,0.0,12.9,0.0,0.0,12.9,0.13,key shear,-
K24,74.89,15.97,-,ULS3S,-23.6,0.0,12.9,0.0,0.0,12.9,0.24,anchor tension (cone governs),-
K24,74.89,15.97,-,SLSWS,-10.7,0.0,8.6,0.0,0.0,8.6,,,-
K24,74.89,15.97,-,ULS2E,20.9,0.0,-16.4,0.0,0.0,16.4,0.17,key shear,-
K24,74.89,15.97,-,ULS3E,-10.4,0.0,-16.4,0.0,0.0,16.4,0.17,key shear,-
K24,74.89,15.97,-,SLSWE,-1.9,0.0,-10.9,0.0,0.0,10.9,,,-
K24,74.89,15.97,-,ULS2W,20.9,0.0,-11.7,0.0,0.0,11.7,0.12,key shear,-
K24,74.89,15.97,-,ULS3W,-5.1,0.0,-11.7,0.0,0.0,11.7,0.12,key shear,-
K24,74.89,15.97,-,SLSWW,1.7,0.0,-7.8,0.0,0.0,7.8,,,-
K24,74.89,15.97,-,ULS4+x,11.4,0.0,0.0,0.0,0.0,0.0,0.01,bearing,-
K24,74.89,15.97,-,ULS4+x (uplift side),11.4,0.0,0.0,0.0,0.0,0.0,0.01,bearing,-
K24,74.89,15.97,-,ULS4-x,11.4,0.0,0.0,0.0,0.0,0.0,0.01,bearing,-
K24,74.89,15.97,-,ULS4-x (uplift side),11.4,0.0,0.0,0.0,0.0,0.0,0.01,bearing,-
K24,74.89,15.97,-,ULS4+y,11.4,0.0,0.0,0.0,0.0,0.0,0.01,bearing,-
K24,74.89,15.97,-,ULS4+y (uplift side),11.4,0.0,0.0,0.0,0.0,0.0,0.01,bearing,-
K24,74.89,15.97,-,ULS4-y,11.4,0.0,0.0,0.0,0.0,0.0,0.01,bearing,-
K24,74.89,15.97,-,ULS4-y (uplift side),11.4,0.0,0.0,0.0,0.0,0.0,0.01,bearing,-
K25,67.99,15.87,"B4,B10",ULS1,25.3,0.0,0.0,0.0,0.0,0.0,0.03,bearing,-x
K25,67.99,15.87,"B4,B10",SLS,18.3,0.0,0.0,0.0,0.0,0.0,,,-x
K25,67.99,15.87,"B4,B10",ULS2N,37.6,-13.2,-6.0,1.4,0.0,15.7,0.24,edge shear -x (cage),-x
K25,67.99,15.87,"B4,B10",ULS3N,-2.1,-13.2,-6.0,1.4,0.0,15.7,0.24,edge shear -x (cage),-x
K25,67.99,15.87,"B4,B10",SLSWN,4.2,-8.8,-4.0,0.9,0.0,9.6,,,-x
K25,67.99,15.87,"B4,B10",ULS2S,25.0,-18.4,42.4,1.7,0.0,47.0,0.49,key shear,-x
K25,67.99,15.87,"B4,B10",ULS3S,-36.7,-18.4,42.4,1.7,0.0,47.0,0.49,key shear,-x
K25,67.99,15.87,"B4,B10",SLSWS,-18.8,-12.3,28.3,1.2,0.0,30.8,,,-x
K25,67.99,15.87,"B4,B10",ULS2E,54.6,-9.2,-8.5,0.0,9.7,20.4,0.21,key shear,-x
K25,67.99,15.87,"B4,B10",ULS3E,-4.7,-9.2,-8.5,0.0,9.7,20.4,0.21,key shear,-x
K25,67.99,15.87,"B4,B10",SLSWE,2.5,-6.1,-5.7,0.0,6.4,8.4,,,-x
K25,67.99,15.87,"B4,B10",ULS2W,28.4,37.4,-11.9,0.0,7.4,42.1,0.44,key shear,-x
K25,67.99,15.87,"B4,B10",ULS3W,-42.6,37.4,-11.9,0.0,7.4,42.1,0.44,key shear,-x
K25,67.99,15.87,"B4,B10",SLSWW,-22.8,24.9,-7.9,0.0,4.9,26.2,,,-x
K25,67.99,15.87,"B4,B10",ULS4+x,15.5,16.2,0.0,0.0,2.0,16.4,0.17,key shear,-x
K25,67.99,15.87,"B4,B10",ULS4+x (uplift side),-4.8,16.2,0.0,0.0,2.0,16.4,0.17,key shear,-x
K25,67.99,15.87,"B4,B10",ULS4-x,33.1,0.0,0.0,0.0,2.0,2.0,0.04,bearing,-x
K25,67.99,15.87,"B4,B10",ULS4-x (uplift side),12.8,0.0,0.0,0.0,2.0,2.0,0.02,key shear,-x
K25,67.99,15.87,"B4,B10",ULS4+y,15.6,0.0,12.9,1.3,0.0,12.9,0.13,key shear,-x
K25,67.99,15.87,"B4,B10",ULS4+y (uplift side),3.7,0.0,12.9,1.3,0.0,12.9,0.13,key shear,-x
K25,67.99,15.87,"B4,B10",ULS4-y,24.6,0.0,0.0,1.3,0.0,1.3,0.03,bearing,-x
K25,67.99,15.87,"B4,B10",ULS4-y (uplift side),12.8,0.0,0.0,1.3,0.0,1.3,0.02,edge shear -x (cage),-x
K26,71.99,15.87,B4,ULS1,28.8,0.0,0.0,0.0,0.0,0.0,0.03,bearing,-
K26,71.99,15.87,B4,SLS,20.6,0.0,0.0,0.0,0.0,0.0,,,-
K26,71.99,15.87,B4,ULS2N,26.7,0.0,-9.8,1.4,0.0,9.9,0.1,key shear,-
K26,71.99,15.87,B4,ULS3N,-12.0,0.0,-9.8,1.4,0.0,9.9,0.12,anchor tension (cone governs),-
K26,71.99,15.87,B4,SLSWN,-1.9,0.0,-6.5,0.9,0.0,6.5,,,-
K26,71.99,15.87,B4,ULS2S,27.1,0.0,15.4,1.7,0.0,15.5,0.16,key shear,-
K26,71.99,15.87,B4,ULS3S,-30.2,0.0,15.4,1.7,0.0,15.5,0.31,anchor tension (cone governs),-
K26,71.99,15.87,B4,SLSWS,-14.0,0.0,10.3,1.2,0.0,10.3,,,-
K26,71.99,15.87,B4,ULS2E,25.2,-22.7,-14.0,0.0,0.0,26.7,0.28,key shear,-
K26,71.99,15.87,B4,ULS3E,-30.5,-22.7,-14.0,0.0,0.0,26.7,0.31,anchor tension (cone governs),-
K26,71.99,15.87,B4,SLSWE,-14.2,-15.2,-9.3,0.0,0.0,17.8,,,-
K26,71.99,15.87,B4,ULS2W,50.1,0.0,-14.0,0.0,0.0,14.0,0.15,key shear,-
K26,71.99,15.87,B4,ULS3W,-10.3,0.0,-14.0,0.0,0.0,14.0,0.15,key shear,-
K26,71.99,15.87,B4,SLSWW,-0.8,0.0,-9.3,0.0,0.0,9.3,,,-
K26,71.99,15.87,B4,ULS4+x,31.4,0.0,0.0,0.0,0.0,0.0,0.03,bearing,-
K26,71.99,15.87,B4,ULS4+x (uplift side),13.8,0.0,0.0,0.0,0.0,0.0,0.01,bearing,-
K26,71.99,15.87,B4,ULS4-x,13.8,-16.2,0.0,0.0,0.0,16.2,0.17,key shear,-
K26,71.99,15.87,B4,ULS4-x (uplift side),-3.8,-16.2,0.0,0.0,0.0,16.2,0.17,key shear,-
K26,71.99,15.87,B4,ULS4+y,15.2,0.0,0.0,1.3,0.0,1.3,0.02,bearing,-
K26,71.99,15.87,B4,ULS4+y (uplift side),12.4,0.0,0.0,1.3,0.0,1.3,0.01,key shear,-
K26,71.99,15.87,B4,ULS4-y,15.2,0.0,0.0,1.3,0.0,1.3,0.02,bearing,-
K26,71.99,15.87,B4,ULS4-y (uplift side),12.4,0.0,0.0,1.3,0.0,1.3,0.01,key shear,-
K27,77.78,15.87,B7,ULS1,19.6,0.0,0.0,0.0,0.0,0.0,0.02,bearing,+x
K27,77.78,15.87,B7,SLS,14.2,0.0,0.0,0.0,0.0,0.0,,,+x
K27,77.78,15.87,B7,ULS2N,38.8,9.5,-4.4,0.0,0.0,10.5,0.16,edge shear +x (cage),+x
K27,77.78,15.87,B7,ULS3N,0.1,9.5,-4.4,0.0,0.0,10.5,0.16,edge shear +x (cage),+x
K27,77.78,15.87,B7,SLSWN,4.4,6.4,-2.9,0.0,0.0,7.0,,,+x
K27,77.78,15.87,B7,ULS2S,18.0,13.3,57.8,0.0,0.0,59.3,0.62,key shear,+x
K27,77.78,15.87,B7,ULS3S,-44.1,13.3,57.8,0.0,0.0,59.3,0.62,key shear,+x
K27,77.78,15.87,B7,SLSWS,-25.0,8.9,38.5,0.0,0.0,39.5,,,+x
K27,77.78,15.87,B7,ULS2E,24.4,-10.5,-8.8,0.0,9.0,20.7,0.22,key shear,+x
K27,77.78,15.87,B7,ULS3E,-16.2,-10.5,-8.8,0.0,9.0,20.7,0.22,key shear,+x
K27,77.78,15.87,B7,SLSWE,-6.4,-7.0,-5.9,0.0,6.0,9.1,,,+x
K27,77.78,15.87,B7,ULS2W,24.2,6.7,-6.3,0.0,8.7,16.4,0.17,key shear,+x
K27,77.78,15.87,B7,ULS3W,-4.1,6.7,-6.3,0.0,8.7,16.4,0.17,key shear,+x
K27,77.78,15.87,B7,SLSWW,1.7,4.4,-4.2,0.0,5.8,6.1,,,+x
K27,77.78,15.87,B7,ULS4+x,11.4,0.0,0.0,0.0,0.4,0.4,0.01,bearing,+x
K27,77.78,15.87,B7,ULS4+x (uplift side),10.8,0.0,0.0,0.0,0.4,0.4,0.01,bearing,+x
K27,77.78,15.87,B7,ULS4-x,11.4,0.0,0.0,0.0,0.4,0.4,0.01,bearing,+x
K27,77.78,15.87,B7,ULS4-x (uplift side),10.8,0.0,0.0,0.0,0.4,0.4,0.01,bearing,+x
K27,77.78,15.87,B7,ULS4+y,11.1,0.0,16.6,0.0,0.0,16.6,0.17,key shear,+x
K27,77.78,15.87,B7,ULS4+y (uplift side),-0.6,0.0,16.6,0.0,0.0,16.6,0.17,key shear,+x
K27,77.78,15.87,B7,ULS4-y,22.8,0.0,0.0,0.0,0.0,0.0,0.02,bearing,+x
K27,77.78,15.87,B7,ULS4-y (uplift side),11.1,0.0,0.0,0.0,0.0,0.0,0.01,bearing,+x
WP1,77.89,19.97,-,"ULS2 (wind post, shear only, no uplift)",1.7,11.8,8.8,0,0,11.8,,2 M16 in the notch edge beam,"+x,-y"
