column,x,y,position,Nc_ULS_kN,Nt_ULS_kN,Vx_ULS_kN,Vy_ULS_kN,Vy_toward_edge_ULS_kN,Nc_SLS_kN,Nt_SLS_kN,Vx_SLS_kN,Vy_SLS_kN,combo_Nc,combo_Nt,anchor_util
K1,87.19,35.77,edge,33.7,31.9,27.4,29.6,23.9,23.5,19.8,18.3,19.8,ULS2_S0,ULS3_N,0.6
K2,92.48,35.77,edge,28.6,28.0,27.4,23.7,19.8,20.0,15.6,18.3,15.8,ULS2_S0,ULS3_R,0.59
K3,81.89,35.67,edge,29.0,29.1,27.4,21.5,16.1,20.5,12.9,18.3,14.3,ULS2_S0,ULS3_R,0.46
K4,95.59,35.67,corner,17.3,13.0,12.6,8.0,8.0,12.3,7.4,8.4,5.2,ULS2_S0,ULS3_N,0.19
K5,72.09,35.27,edge,29.5,25.9,27.4,25.7,19.2,20.6,16.0,18.3,17.1,ULS2_S0,ULS3_N,0.57
K6,67.99,35.17,corner,21.5,41.6,27.4,9.4,8.6,15.3,15.5,18.3,6.2,ULS2_R,ULS3_R,0.79
K7,77.79,35.17,edge,30.2,25.4,27.4,20.4,15.4,21.4,12.4,18.3,13.5,ULS2_R,ULS3_R,0.47
K8,67.99,29.37,edge,29.8,25.9,18.1,3.4,11.5,21.3,9.1,12.1,1.8,ULS1-,ULS3_R,0.37
K9,72.09,29.27,interior,98.7,95.5,0,21.6,0,68.7,57.4,0,13.8,ULS1-,ULS3_N,0.37
K10,77.89,29.27,interior,42.6,37.7,0,5.6,0,29.9,22.0,0,3.7,ULS1-,ULS3_N,0.09
K11,81.78,29.27,interior,40.9,35.4,0,8.3,0,28.8,20.6,0,5.2,ULS1-,ULS3_N,0.08
K12,87.19,29.27,interior,86.8,82.9,0,11.2,0,60.4,49.9,0,7.4,ULS1-,ULS3_N,0.29
K13,92.48,29.27,interior,70.4,63.1,0,9.6,0,49.1,37.3,0,6.4,ULS1-,ULS3_N,0.19
K14,95.48,29.27,edge,31.7,24.2,23.1,3.1,14.7,22.7,7.4,15.4,1.7,ULS1-,ULS3_R,0.44
K15,67.99,26.37,edge,18.2,12.4,16.4,3.1,10.4,13.1,2.0,10.9,2.0,ULS1-,ULS3_R,0.23
K16,77.78,24.46,interior,20.6,20.6,0,4.2,0,14.4,12.1,0,2.8,ULS1+,ULS3_N,0.04
K17,81.89,24.46,interior,32.3,27.5,0,6.5,0,22.6,15.8,0,4.2,ULS1+,ULS3_N,0.06
K18,95.59,24.46,edge,24.6,14.5,20.4,2.4,13.0,17.7,3.7,13.6,1.6,ULS1+,ULS3_R,0.31
K19,67.99,21.76,edge,36.9,30.8,24.2,2.5,15.4,26.4,9.4,16.1,1.6,ULS1+,ULS3_R,0.53
K20,77.78,21.76,interior,31.6,21.3,0,4.1,0,22.2,11.1,0,2.7,ULS1-,ULS3_S,0.04
K21,81.79,20.07,edge,44.3,37.9,27.4,21.9,16.0,24.5,15.9,18.3,14.3,ULS2_R,ULS3_S,0.58
K22,88.88,20.07,edge,53.5,70.3,27.4,13.1,8.3,34.8,46.8,18.3,8.7,ULS2_R,ULS3_N,0.87
K23,95.49,20.07,corner,34.5,33.5,27.4,8.0,8.1,18.2,10.9,18.3,5.1,ULS2_R,ULS3_R,0.64
K24,74.89,15.97,edge,12.0,5.0,18.3,14.3,9.1,8.0,0,12.2,9.5,ULS1+,ULS3_N,0.27
K25,67.99,15.87,corner,23.6,34.5,18.3,9.8,10.3,16.7,11.6,12.2,6.1,ULS2_R,ULS3_R,0.57
K26,71.99,15.87,edge,55.3,46.1,18.3,21.8,12.3,38.9,27.3,12.2,8.5,ULS1-,ULS3_N,0.52
K27,77.78,15.87,corner,37.8,37.8,18.3,7.5,6.7,26.1,12.9,12.2,4.5,ULS2_R,ULS3_R,0.6
